id,icon,update_date,media_type,name,persist_date,user_owner_id
2129,,2020-12-03 03:22:35.103842,1,audioAlbum,2020-12-03 03:22:35.103852,
2130,,2020-12-03 03:22:35.104361,1,audioAlbum,2020-12-03 03:22:35.104365,
2131,,2020-12-03 03:22:35.104496,1,audioAlbum,2020-12-03 03:22:35.104499,
2132,,2020-12-03 03:22:35.104628,1,audioAlbum,2020-12-03 03:22:35.104631,
2133,,2020-12-03 03:22:35.104762,1,audioAlbum,2020-12-03 03:22:35.104766,
2134,,2020-12-03 03:22:35.104894,1,audioAlbum,2020-12-03 03:22:35.104898,
2135,,2020-12-03 03:22:35.105037,1,audioAlbum,2020-12-03 03:22:35.10504,
2136,,2020-12-03 03:22:35.105165,1,audioAlbum,2020-12-03 03:22:35.105168,
2137,,2020-12-03 03:22:35.105293,1,audioAlbum,2020-12-03 03:22:35.105297,
2138,,2020-12-03 03:22:35.105422,1,audioAlbum,2020-12-03 03:22:35.105425,
2139,,2020-12-03 03:22:35.105716,1,audioAlbum,2020-12-03 03:22:35.10572,
2140,,2020-12-03 03:22:35.105849,1,audioAlbum,2020-12-03 03:22:35.105852,
2141,,2020-12-03 03:22:35.105974,1,audioAlbum,2020-12-03 03:22:35.105978,
2142,,2020-12-03 03:22:35.10612,1,audioAlbum,2020-12-03 03:22:35.106124,
2143,,2020-12-03 03:22:35.106272,1,audioAlbum,2020-12-03 03:22:35.106276,
2144,,2020-12-03 03:22:35.106406,1,audioAlbum,2020-12-03 03:22:35.10641,
2145,,2020-12-03 03:22:35.106539,1,audioAlbum,2020-12-03 03:22:35.106543,
2146,,2020-12-03 03:22:35.106665,1,audioAlbum,2020-12-03 03:22:35.106668,
2147,,2020-12-03 03:22:35.106794,1,audioAlbum,2020-12-03 03:22:35.106798,
2148,,2020-12-03 03:22:35.106922,1,audioAlbum,2020-12-03 03:22:35.106926,
2149,,2020-12-03 03:22:35.110353,0,imageAlbum,2020-12-03 03:22:35.110363,
2150,,2020-12-03 03:22:35.11059,0,imageAlbum,2020-12-03 03:22:35.110594,
2151,,2020-12-03 03:22:35.110724,0,imageAlbum,2020-12-03 03:22:35.110728,
2152,,2020-12-03 03:22:35.110848,0,imageAlbum,2020-12-03 03:22:35.110851,
2153,,2020-12-03 03:22:35.110971,0,imageAlbum,2020-12-03 03:22:35.110975,
2154,,2020-12-03 03:22:35.111095,0,imageAlbum,2020-12-03 03:22:35.111099,
2155,,2020-12-03 03:22:35.111223,0,imageAlbum,2020-12-03 03:22:35.111226,
2156,,2020-12-03 03:22:35.111351,0,imageAlbum,2020-12-03 03:22:35.111354,
2157,,2020-12-03 03:22:35.111477,0,imageAlbum,2020-12-03 03:22:35.111481,
2158,,2020-12-03 03:22:35.111605,0,imageAlbum,2020-12-03 03:22:35.111608,
2159,,2020-12-03 03:22:35.11173,0,imageAlbum,2020-12-03 03:22:35.111734,
2160,,2020-12-03 03:22:35.111856,0,imageAlbum,2020-12-03 03:22:35.111859,
2161,,2020-12-03 03:22:35.111993,0,imageAlbum,2020-12-03 03:22:35.111996,
2162,,2020-12-03 03:22:35.112133,0,imageAlbum,2020-12-03 03:22:35.112136,
2163,,2020-12-03 03:22:35.112261,0,imageAlbum,2020-12-03 03:22:35.112264,
2164,,2020-12-03 03:22:35.112389,0,imageAlbum,2020-12-03 03:22:35.112392,
2165,,2020-12-03 03:22:35.112516,0,imageAlbum,2020-12-03 03:22:35.112519,
2166,,2020-12-03 03:22:35.112653,0,imageAlbum,2020-12-03 03:22:35.112656,
2167,,2020-12-03 03:22:35.112778,0,imageAlbum,2020-12-03 03:22:35.112781,
2168,,2020-12-03 03:22:35.112902,0,imageAlbum,2020-12-03 03:22:35.112905,
2169,,2020-12-03 03:22:35.115398,0,imageAlbum,2020-12-03 03:22:35.115407,
2170,,2020-12-03 03:22:35.116544,0,imageAlbum,2020-12-03 03:22:35.11655,
2171,,2020-12-03 03:22:35.116689,0,imageAlbum,2020-12-03 03:22:35.116693,
2172,,2020-12-03 03:22:35.116819,0,imageAlbum,2020-12-03 03:22:35.116822,
2173,,2020-12-03 03:22:35.116939,0,imageAlbum,2020-12-03 03:22:35.116943,
2174,,2020-12-03 03:22:35.117059,0,imageAlbum,2020-12-03 03:22:35.117062,
2175,,2020-12-03 03:22:35.117183,0,imageAlbum,2020-12-03 03:22:35.117187,
2176,,2020-12-03 03:22:35.117375,0,imageAlbum,2020-12-03 03:22:35.117378,
2177,,2020-12-03 03:22:35.117495,0,imageAlbum,2020-12-03 03:22:35.117498,
2178,,2020-12-03 03:22:35.117625,0,imageAlbum,2020-12-03 03:22:35.117628,
2179,,2020-12-03 03:22:35.117753,0,imageAlbum,2020-12-03 03:22:35.117756,
2180,,2020-12-03 03:22:35.117872,0,imageAlbum,2020-12-03 03:22:35.117876,
2181,,2020-12-03 03:22:35.118001,0,imageAlbum,2020-12-03 03:22:35.118005,
2182,,2020-12-03 03:22:35.118132,0,imageAlbum,2020-12-03 03:22:35.118135,
2183,,2020-12-03 03:22:35.118263,0,imageAlbum,2020-12-03 03:22:35.118267,
2184,,2020-12-03 03:22:35.118395,0,imageAlbum,2020-12-03 03:22:35.118398,
2185,,2020-12-03 03:22:35.118525,0,imageAlbum,2020-12-03 03:22:35.118528,
2186,,2020-12-03 03:22:35.118656,0,imageAlbum,2020-12-03 03:22:35.11866,
2187,,2020-12-03 03:22:35.118781,0,imageAlbum,2020-12-03 03:22:35.118785,
2188,,2020-12-03 03:22:35.118912,0,imageAlbum,2020-12-03 03:22:35.118915,
2189,,2020-12-03 03:22:35.121378,0,imageAlbum,2020-12-03 03:22:35.121385,
2190,,2020-12-03 03:22:35.121561,0,imageAlbum,2020-12-03 03:22:35.121564,
2191,,2020-12-03 03:22:35.121663,0,imageAlbum,2020-12-03 03:22:35.121665,
2192,,2020-12-03 03:22:35.12176,0,imageAlbum,2020-12-03 03:22:35.121763,
2193,,2020-12-03 03:22:35.121859,0,imageAlbum,2020-12-03 03:22:35.121861,
2194,,2020-12-03 03:22:35.121956,0,imageAlbum,2020-12-03 03:22:35.121959,
2195,,2020-12-03 03:22:35.122054,0,imageAlbum,2020-12-03 03:22:35.122056,
2196,,2020-12-03 03:22:35.122164,0,imageAlbum,2020-12-03 03:22:35.122167,
2197,,2020-12-03 03:22:35.122262,0,imageAlbum,2020-12-03 03:22:35.122264,
2198,,2020-12-03 03:22:35.122359,0,imageAlbum,2020-12-03 03:22:35.122361,
2199,,2020-12-03 03:22:35.122465,0,imageAlbum,2020-12-03 03:22:35.122468,
2200,,2020-12-03 03:22:35.122574,0,imageAlbum,2020-12-03 03:22:35.122576,
2201,,2020-12-03 03:22:35.122683,0,imageAlbum,2020-12-03 03:22:35.122686,
2202,,2020-12-03 03:22:35.122783,2,videoAlbum,2020-12-03 03:22:35.122785,
2203,,2020-12-03 03:22:35.12289,2,videoAlbum,2020-12-03 03:22:35.122893,
2204,,2020-12-03 03:22:35.123019,2,videoAlbum,2020-12-03 03:22:35.123022,
2205,,2020-12-03 03:22:35.123137,2,videoAlbum,2020-12-03 03:22:35.12314,
2206,,2020-12-03 03:22:35.123235,2,videoAlbum,2020-12-03 03:22:35.123238,
2207,,2020-12-03 03:22:35.123369,2,videoAlbum,2020-12-03 03:22:35.123371,
2208,,2020-12-03 03:22:35.123535,2,videoAlbum,2020-12-03 03:22:35.123538,
2209,,2020-12-03 03:22:35.125214,2,videoAlbum,2020-12-03 03:22:35.12522,
2210,,2020-12-03 03:22:35.125407,2,videoAlbum,2020-12-03 03:22:35.12541,
2211,,2020-12-03 03:22:35.125505,2,videoAlbum,2020-12-03 03:22:35.125507,
2212,,2020-12-03 03:22:35.12562,2,videoAlbum,2020-12-03 03:22:35.125623,
2213,,2020-12-03 03:22:35.125737,2,videoAlbum,2020-12-03 03:22:35.125743,
2214,,2020-12-03 03:22:35.125884,2,videoAlbum,2020-12-03 03:22:35.125887,
2215,,2020-12-03 03:22:35.125995,2,videoAlbum,2020-12-03 03:22:35.125998,
2216,,2020-12-03 03:22:35.126128,2,videoAlbum,2020-12-03 03:22:35.126132,
2217,,2020-12-03 03:22:35.126242,2,videoAlbum,2020-12-03 03:22:35.126245,
2218,,2020-12-03 03:22:35.126355,2,videoAlbum,2020-12-03 03:22:35.126358,
2219,,2020-12-03 03:22:35.126465,2,videoAlbum,2020-12-03 03:22:35.126468,
2220,,2020-12-03 03:22:35.126578,2,videoAlbum,2020-12-03 03:22:35.126581,
2221,,2020-12-03 03:22:35.126684,2,videoAlbum,2020-12-03 03:22:35.126687,
2222,,2020-12-03 03:22:35.126793,2,videoAlbum,2020-12-03 03:22:35.126797,
2223,,2020-12-03 03:22:35.1269,2,videoAlbum,2020-12-03 03:22:35.126903,
2224,,2020-12-03 03:22:35.127022,2,videoAlbum,2020-12-03 03:22:35.127026,
2225,,2020-12-03 03:22:35.127141,2,videoAlbum,2020-12-03 03:22:35.127143,
2226,,2020-12-03 03:22:35.127239,2,videoAlbum,2020-12-03 03:22:35.127241,
2227,,2020-12-03 03:22:35.127336,2,videoAlbum,2020-12-03 03:22:35.127338,
2228,,2020-12-03 03:22:35.127433,2,videoAlbum,2020-12-03 03:22:35.127435,
