id,is_unread,persist_date,message,last_redaction_date,user_id
207,1,2020-12-03 03:22:34.573017,Test init message0,2020-12-03 03:22:34.573055,1
209,1,2020-12-03 03:22:34.573734,Test init message1,2020-12-03 03:22:34.573748,5
211,1,2020-12-03 03:22:34.573989,Test init message2,2020-12-03 03:22:34.574002,9
213,1,2020-12-03 03:22:34.574218,Test init message3,2020-12-03 03:22:34.574241,10
215,1,2020-12-03 03:22:34.574459,Test init message4,2020-12-03 03:22:34.574471,11
217,1,2020-12-03 03:22:34.574683,Test init message5,2020-12-03 03:22:34.574695,12
219,1,2020-12-03 03:22:34.574916,Test init message6,2020-12-03 03:22:34.574928,13
221,1,2020-12-03 03:22:34.575168,Test init message7,2020-12-03 03:22:34.57518,14
223,1,2020-12-03 03:22:34.575394,Test init message8,2020-12-03 03:22:34.575405,15
225,1,2020-12-03 03:22:34.575635,Test init message9,2020-12-03 03:22:34.575647,16
227,1,2020-12-03 03:22:34.575879,Test init message10,2020-12-03 03:22:34.575891,17
229,1,2020-12-03 03:22:34.576176,Test init message11,2020-12-03 03:22:34.576188,18
231,1,2020-12-03 03:22:34.576438,Test init message12,2020-12-03 03:22:34.576451,19
233,1,2020-12-03 03:22:34.576684,Test init message13,2020-12-03 03:22:34.576697,20
235,1,2020-12-03 03:22:34.576923,Test init message14,2020-12-03 03:22:34.576935,21
237,1,2020-12-03 03:22:34.577204,Test init message15,2020-12-03 03:22:34.577217,22
239,1,2020-12-03 03:22:34.577456,Test init message16,2020-12-03 03:22:34.577469,23
241,1,2020-12-03 03:22:34.577717,Test init message17,2020-12-03 03:22:34.577736,24
243,1,2020-12-03 03:22:34.578037,Test init message18,2020-12-03 03:22:34.57805,25
245,1,2020-12-03 03:22:34.578312,Test init message19,2020-12-03 03:22:34.578324,26
247,1,2020-12-03 03:22:34.582441,Test init message20,2020-12-03 03:22:34.582477,27
249,1,2020-12-03 03:22:34.582954,Test init message21,2020-12-03 03:22:34.582967,28
251,1,2020-12-03 03:22:34.58327,Test init message22,2020-12-03 03:22:34.583288,29
253,1,2020-12-03 03:22:34.583681,Test init message23,2020-12-03 03:22:34.5837,30
255,1,2020-12-03 03:22:34.584456,Test init message24,2020-12-03 03:22:34.584482,31
257,1,2020-12-03 03:22:34.584959,Test init message25,2020-12-03 03:22:34.584979,32
259,1,2020-12-03 03:22:34.585434,Test init message26,2020-12-03 03:22:34.585459,33
261,1,2020-12-03 03:22:34.58591,Test init message27,2020-12-03 03:22:34.585938,34
263,1,2020-12-03 03:22:34.586303,Test init message28,2020-12-03 03:22:34.586321,35
265,1,2020-12-03 03:22:34.58666,Test init message29,2020-12-03 03:22:34.586677,36
267,1,2020-12-03 03:22:34.586985,Test init message30,2020-12-03 03:22:34.587004,37
269,1,2020-12-03 03:22:34.58735,Test init message31,2020-12-03 03:22:34.587369,38
271,1,2020-12-03 03:22:34.587684,Test init message32,2020-12-03 03:22:34.587703,39
273,1,2020-12-03 03:22:34.588095,Test init message33,2020-12-03 03:22:34.588114,40
275,1,2020-12-03 03:22:34.588433,Test init message34,2020-12-03 03:22:34.588451,41
277,1,2020-12-03 03:22:34.588762,Test init message35,2020-12-03 03:22:34.588781,42
279,1,2020-12-03 03:22:34.589074,Test init message36,2020-12-03 03:22:34.589106,43
281,1,2020-12-03 03:22:34.589452,Test init message37,2020-12-03 03:22:34.58947,44
283,1,2020-12-03 03:22:34.58978,Test init message38,2020-12-03 03:22:34.589797,45
285,1,2020-12-03 03:22:34.590143,Test init message39,2020-12-03 03:22:34.590163,46
287,1,2020-12-03 03:22:34.593256,Test init message40,2020-12-03 03:22:34.593277,47
289,1,2020-12-03 03:22:34.593569,Test init message41,2020-12-03 03:22:34.593581,48
291,1,2020-12-03 03:22:34.593909,Test init message42,2020-12-03 03:22:34.593926,49
293,1,2020-12-03 03:22:34.594281,Test init message43,2020-12-03 03:22:34.5943,50
295,1,2020-12-03 03:22:34.594608,Test init message44,2020-12-03 03:22:34.594626,51
297,1,2020-12-03 03:22:34.594933,Test init message45,2020-12-03 03:22:34.594951,52
299,1,2020-12-03 03:22:34.595333,Test init message46,2020-12-03 03:22:34.595352,53
301,1,2020-12-03 03:22:34.595656,Test init message47,2020-12-03 03:22:34.595674,54
303,1,2020-12-03 03:22:34.595983,Test init message48,2020-12-03 03:22:34.596001,55
305,1,2020-12-03 03:22:34.596377,Test init message49,2020-12-03 03:22:34.596395,56
307,1,2020-12-03 03:22:34.596751,Test init message50,2020-12-03 03:22:34.596786,57
309,1,2020-12-03 03:22:34.597121,Test init message51,2020-12-03 03:22:34.59714,58
311,1,2020-12-03 03:22:34.597489,Test init message52,2020-12-03 03:22:34.597508,59
313,1,2020-12-03 03:22:34.597826,Test init message53,2020-12-03 03:22:34.597848,60
315,1,2020-12-03 03:22:34.598145,Test init message54,2020-12-03 03:22:34.598163,61
317,1,2020-12-03 03:22:34.598463,Test init message55,2020-12-03 03:22:34.59848,62
319,1,2020-12-03 03:22:34.598784,Test init message56,2020-12-03 03:22:34.598802,63
321,1,2020-12-03 03:22:34.599102,Test init message57,2020-12-03 03:22:34.599119,64
323,1,2020-12-03 03:22:34.599404,Test init message58,2020-12-03 03:22:34.599422,65
325,1,2020-12-03 03:22:34.599852,Test init message59,2020-12-03 03:22:34.599872,66
327,1,2020-12-03 03:22:34.602882,Test init message60,2020-12-03 03:22:34.602943,67
329,1,2020-12-03 03:22:34.603555,Test init message61,2020-12-03 03:22:34.603575,68
331,1,2020-12-03 03:22:34.603893,Test init message62,2020-12-03 03:22:34.603913,69
333,1,2020-12-03 03:22:34.604848,Test init message63,2020-12-03 03:22:34.604871,70
335,1,2020-12-03 03:22:34.605332,Test init message64,2020-12-03 03:22:34.605348,71
337,1,2020-12-03 03:22:34.60576,Test init message65,2020-12-03 03:22:34.605808,72
339,1,2020-12-03 03:22:34.60614,Test init message66,2020-12-03 03:22:34.606152,73
341,1,2020-12-03 03:22:34.606381,Test init message67,2020-12-03 03:22:34.606394,74
343,1,2020-12-03 03:22:34.60664,Test init message68,2020-12-03 03:22:34.60665,75
345,1,2020-12-03 03:22:34.606846,Test init message69,2020-12-03 03:22:34.606856,76
347,1,2020-12-03 03:22:34.607047,Test init message70,2020-12-03 03:22:34.607057,77
349,1,2020-12-03 03:22:34.607251,Test init message71,2020-12-03 03:22:34.607261,78
351,1,2020-12-03 03:22:34.60747,Test init message72,2020-12-03 03:22:34.607485,79
353,1,2020-12-03 03:22:34.607763,Test init message73,2020-12-03 03:22:34.607773,80
355,1,2020-12-03 03:22:34.60797,Test init message74,2020-12-03 03:22:34.60798,81
357,1,2020-12-03 03:22:34.608195,Test init message75,2020-12-03 03:22:34.608205,82
359,1,2020-12-03 03:22:34.6084,Test init message76,2020-12-03 03:22:34.60841,83
361,1,2020-12-03 03:22:34.608602,Test init message77,2020-12-03 03:22:34.608637,84
363,1,2020-12-03 03:22:34.6089,Test init message78,2020-12-03 03:22:34.608914,85
365,1,2020-12-03 03:22:34.609182,Test init message79,2020-12-03 03:22:34.609199,86
367,1,2020-12-03 03:22:34.61224,Test init message80,2020-12-03 03:22:34.61227,87
369,1,2020-12-03 03:22:34.612654,Test init message81,2020-12-03 03:22:34.612669,88
371,1,2020-12-03 03:22:34.612945,Test init message82,2020-12-03 03:22:34.612959,89
373,1,2020-12-03 03:22:34.613219,Test init message83,2020-12-03 03:22:34.613233,90
375,1,2020-12-03 03:22:34.613528,Test init message84,2020-12-03 03:22:34.613543,91
377,1,2020-12-03 03:22:34.613824,Test init message85,2020-12-03 03:22:34.613839,92
379,1,2020-12-03 03:22:34.614109,Test init message86,2020-12-03 03:22:34.614124,93
381,1,2020-12-03 03:22:34.614415,Test init message87,2020-12-03 03:22:34.614431,94
383,1,2020-12-03 03:22:34.614715,Test init message88,2020-12-03 03:22:34.61473,95
385,1,2020-12-03 03:22:34.615004,Test init message89,2020-12-03 03:22:34.615019,96
387,1,2020-12-03 03:22:34.615361,Test init message90,2020-12-03 03:22:34.615386,97
389,1,2020-12-03 03:22:34.61572,Test init message91,2020-12-03 03:22:34.615741,98
391,1,2020-12-03 03:22:34.616091,Test init message92,2020-12-03 03:22:34.616108,99
393,1,2020-12-03 03:22:34.616413,Test init message93,2020-12-03 03:22:34.61643,100
395,1,2020-12-03 03:22:34.616809,Test init message94,2020-12-03 03:22:34.616827,101
397,1,2020-12-03 03:22:34.617197,Test init message95,2020-12-03 03:22:34.617214,102
399,1,2020-12-03 03:22:34.617497,Test init message96,2020-12-03 03:22:34.617514,103
401,1,2020-12-03 03:22:34.617799,Test init message97,2020-12-03 03:22:34.617815,104
403,1,2020-12-03 03:22:34.618103,Test init message98,2020-12-03 03:22:34.618119,105
405,1,2020-12-03 03:22:34.618407,Test init message99,2020-12-03 03:22:34.618423,106
