id,image,persist_date,title,user_one_id,user_two_id
2329,,2020-12-03 03:22:35.237996,,1,57
2330,,2020-12-03 03:22:35.238236,,5,58
2331,,2020-12-03 03:22:35.238313,,9,59
2332,,2020-12-03 03:22:35.238388,,10,60
2333,,2020-12-03 03:22:35.238465,,11,61
2334,,2020-12-03 03:22:35.238541,,12,62
2335,,2020-12-03 03:22:35.238616,,13,63
2336,,2020-12-03 03:22:35.23869,,14,64
2337,,2020-12-03 03:22:35.238764,,15,65
2338,,2020-12-03 03:22:35.238838,,16,66
2339,,2020-12-03 03:22:35.238912,,17,67
2340,,2020-12-03 03:22:35.238986,,18,68
2341,,2020-12-03 03:22:35.23906,,19,69
2342,,2020-12-03 03:22:35.239136,,20,70
2343,,2020-12-03 03:22:35.23921,,21,71
2344,,2020-12-03 03:22:35.239284,,22,72
2345,,2020-12-03 03:22:35.239358,,23,73
2346,,2020-12-03 03:22:35.239432,,24,74
2347,,2020-12-03 03:22:35.239506,,25,75
2348,,2020-12-03 03:22:35.239579,,26,76
