insert into user_languages (user_id, language_id) values
(1, 1),(2, 2),(3, 1),(4, 2),(5, 1),(6, 2),(7, 1),(8, 2),(9, 1),(10, 2),(11, 1),
(12, 1),(13, 1),(14, 1),(15, 1),(16, 1),(17, 1),(18, 1),(19, 1),(20, 1),(21, 1),
(22, 2),(23, 2),(24, 2),(25, 2),(26, 2),(27, 2),(28, 2),(29, 2),(30, 2),(31, 2),
(32, 2),(33, 1),(34, 2),(35, 1),(36, 2),(37, 1),(38, 2),(39, 1),(40, 2),(41, 2),
(42, 1),(43, 2),(44, 1),(45, 2),(46, 1),(47, 2),(48, 1),(49, 2),(50, 1),(51, 2),
(52, 1),(53, 2),(54, 1),(55, 2),(56, 1),(57, 2),(58, 1),(59, 2),(60, 1),(61, 2),
(62, 1),(63, 2),(64, 1),(65, 2),(66, 1),(67, 2),(68, 1),(69, 2),(70, 1),(71, 2),
(72, 1),(73, 2),(74, 1),(75, 2),(76, 1),(77, 2),(78, 1),(79, 2),(80, 1),(81, 2),
(82, 1),(83, 2),(84, 1),(85, 2),(86, 1),(87, 2),(88, 1),(89, 2),(90, 1),(91, 2),
(92, 1),(93, 1),(94, 2),(95, 1),(96, 2),(97, 1),(98, 2),(99, 1),(100, 2);

insert into users_audios_collections (user_id, audio_id) values
(100, 1),(100, 6),(100, 11),(100, 16),(100, 21),(100, 26),(100, 31),(100, 36),
(100, 41),(100, 46),(100, 51),(100, 56),(100, 61),(100, 66),(100, 71),(100, 76),
(100, 81),(100, 86),(100, 91),(100, 96);

insert into users_videos_collections (user_id, video_id) values
(2, 7),(2, 10),(2, 13),(2, 19),(6, 22),(6, 25),(6, 28),(6, 34),(10, 37),(10, 40),
(12, 43),(13, 43),(14, 43),(15, 43),(16, 43);

insert into users_group_chats (user_id, group_chat_id) values
(41, 1),(41, 2),(41, 3),(41, 4),(41, 5),(41, 6),(47, 3),(48, 3),(49, 3),(50, 4),
(51, 4),(52, 4),(53, 5),(54, 5),(55, 5),(56, 6),(57, 6),(58, 6),(59, 7),(60, 7),
(61, 7),(62, 8),(63, 8),(64, 8),(65, 9),(66, 9),(67, 9),(68, 10),(69, 10),(70, 10),
(71, 11),(72, 11),(73, 11),(74, 12),(75, 12),(76, 12),(77, 13),(78, 13),(79, 13),
(80, 14),(81, 14),(82, 14),(83, 15),(84, 15),(85, 15),(86, 16),(87, 16),(88, 16),(89, 17),
(90, 17),(91, 17),(92, 18),(93, 18),(94, 19),(95, 19),(96, 19),(97, 20),(98, 20),(99, 20),
(100, 18);

insert into post_media (post_id, media_id) values
(1, 4),(2, 1),(3, 5),(4, 2),(5, 3),(6, 10),(7, 8),(8, 6),(9, 7),(10, 9),(11, 14),(12, 12),
(13, 15),(14, 11),(15, 13),(16, 19),(17, 18),(18, 17),(19, 16),(20, 20),(21, 21),(22, 23),
(23, 25),(24, 24),(25, 22),(26, 26),(27, 28),(28, 29),(29, 27),(30, 30),(31, 31),(32, 32),
(33, 34),(34, 33),(35, 35),(36, 37),(37, 36),(38, 40),(39, 39),(40, 38),(41, 42),(42, 41),
(43, 43),(44, 45),(45, 44),(46, 50),(47, 47),(48, 49),(49, 48),(50, 46),(51, 54),(52, 53),
(53, 52),(54, 55),(55, 51),(56, 58),(57, 60),(58, 57),(59, 56),(60, 59),(61, 65),(62, 63),
(63, 61),(64, 64),(65, 62),(66, 69),(67, 70),(68, 68),(69, 66),(70, 67),(71, 71),
(72, 72),(73, 73),(74, 75),(75, 74),(76, 79),(77, 77),(78, 76),(79, 78),(80, 80),(81, 81),(82, 82),
(83, 83),(84, 84),(85, 85),(86, 89),(87, 87),(88, 90),(89, 88),(90, 86),(91, 91),
(92, 95),(93, 92),(94, 94),(95, 93),(96, 97),(97, 100),(98, 99),(99, 96),(100, 98);

insert into post_tags (post_id, tags_id) values
(1, 4),(2, 1),(3, 5),(4, 2),(5, 3),(6, 10),(7, 8),(8, 6),(9, 7),(10, 9),(11, 14),(12, 12),
(13, 15),(14, 11),(15, 13),(16, 19),(17, 18),(18, 17),(19, 16),(20, 20),(21, 21),(22, 23),
(23, 25),(24, 24),(25, 22),(26, 26),(27, 28),(28, 29),(29, 27),(30, 30),(31, 31),(32, 32),
(33, 34),(34, 33),(35, 35),(36, 37),(37, 36),(38, 40),(39, 39),(40, 38),(41, 42),(42, 41),
(43, 43),(44, 45),(45, 44),(46, 50),(47, 47),(48, 49),(49, 48),(50, 46),(51, 54),(52, 53),
(53, 52),(54, 55),(55, 51),(56, 58),(57, 60),(58, 57),(59, 56),(60, 59),(61, 65),(62, 63),
(63, 61),(64, 64),(65, 62),(66, 69),(67, 70),(68, 68),(69, 66),(70, 67),(71, 71),
(72, 72),(73, 73),(74, 75),(75, 74),(76, 79),(77, 77),(78, 76),(79, 78),(80, 80),(81, 81),(82, 82),
(83, 83),(84, 84),(85, 85),(86, 89),(87, 87),(88, 90),(89, 88),(90, 86),(91, 91),
(92, 95),(93, 92),(94, 94),(95, 93),(96, 97),(97, 100),(98, 99),(99, 96),(100, 98);

insert into media_messages (message_id, media_id) values
(1, 1),(2, 62),(3, 63),(4, 64),(5, 65),(6, 66),(7, 67),(8, 68),(9, 69),(10, 70),(11, 71),
(12, 72),(13, 73),(14, 74),(15, 75),(16, 76),(17, 77),(18, 78),(19, 79),(20, 80),(21, 81),
(22, 82),(23, 83),(24, 84),(25, 85),(26, 86),(27, 87),(28, 88),(29, 89),(30, 90),(31, 91),
(32, 92),(33, 93),(34, 94),(35, 95),(36, 96),(37, 97),(38, 98),(39, 99),(40, 100),
(41, 2),(42, 3),(43, 4),(44, 5),(45, 6),(46, 7),(47, 8),(48, 9),(49, 10),(50, 11),(51, 12),(52, 13),
(53, 14),(54, 15),(55, 16),(56, 17),(57, 18),(58, 19),(59, 20),(60, 21),(61, 22),(62, 23),(63, 24),
(64, 25),(65, 26),(66, 27),(67, 28),(68, 29),(69, 30),(70, 31),(71, 32),(72, 33),(73, 34),(74, 35),
(75, 36),(76, 37),(77, 38),(78, 39),(79, 40),(80, 41),(81, 42),(82, 43),(83, 44),(84, 45),
(85, 46),(86, 47),(87, 48),(88, 49),(89, 50),(90, 51),(91, 52),(92, 53),(93, 55),(94, 56),
(95, 57),(96, 58),(97, 59),(98, 60),(99, 61),(100, 54);

insert into playlist_has_audios (playlist_id, audios_id) values
(1, 16),(1, 21),(1, 26),(2, 31),(2, 36),(2, 41),(3, 46),(3, 51),(3, 56),
(4, 61),(4, 66),(4, 71),(5, 76),(5, 81),(5, 86);

insert into group_wall (group_id, post_id) values
(1, 31),(1, 32),(1, 33),(1, 34),(1, 35),(2, 11),(2, 12),(2, 13),(2, 14),(2, 15),(3, 1),
(3, 2),(3, 3),(3, 4),(3, 5),(4, 21),(4, 22),(4, 23),(4, 24),(4, 25),(5, 51),(5, 52),(5, 53),
(5, 54),(5, 55),(6, 41),(6, 42),(6, 43),(6, 44),(6, 45),(7, 66),(7, 67),(7, 68),(7, 69),
(7, 70),(8, 86),(8, 87),(8, 88),(8, 89),(8, 90),(9, 46),(9, 47),(9, 48),(9, 49),(9, 50),
(10, 61),(10, 62),(10, 63),(10, 64),(10, 65),(11, 71),(11, 72),(11, 73),(11, 74),(11, 75),(12, 56),
(12, 57),(12, 58),(12, 59),(12, 60),(13, 16),(13, 17),(13, 18),(13, 19),(13, 20),(14, 76),
(14, 77),(14, 78),(14, 79),(14, 80),(15, 36),(15, 37),(15, 38),(15, 39),(15, 40),(16, 91),
(16, 92),(16, 93),(16, 94),(16, 95),(17, 96),(17, 97),(17, 98),(17, 99),(17, 100),(18, 81),
(18, 82),(18, 83),(18, 84),(18, 85),(19, 6),(19, 7),(19, 8),(19, 9),(19, 10),(20, 26),(20, 27),
(20, 28),(20, 29),(20, 30);

insert into chats_messages (chat_id, message_id) values
(1, 41),(1, 42),(1, 43),(2, 44),(2, 45),(2, 46),(3, 47),(3, 48),(3, 49),(4, 50),(4, 51),(4, 52),
(5, 53),(5, 54),(5, 55),(6, 56),(6, 57),(6, 58),(7, 59),(7, 60),(7, 61),(8, 62),(8, 63),(8, 64),
(9, 65),(9, 66),(9, 67),(10, 68),(10, 69),(10, 70),(11, 71),(11, 72),(11, 73),(12, 75),(12, 74),
(12, 76),(13, 77),(13, 78),(13, 79),(14, 80),(14, 81),(14, 82),(15, 83),(15, 84),(15, 85),(16, 87),
(16, 86),(16, 88),(17, 90),(17, 91),(17, 89),(18, 100),(18, 92),(18, 93),(19, 95),(19, 96),(19, 94),
(20, 97),(20, 98),(20, 99);

insert into album_has_video (album_id, videos_id) values
(74, 4),(75, 10),(76, 13),(77, 19),(78, 22),(79, 25),(80, 28),(81, 34),(83, 37),
(82, 40),(84, 43),(85, 49),(87, 52);

insert into album_has_image (album_id, image_id) values
(21, 2),(22, 2),(23, 2),(24, 2),(25, 2),(26, 2),(27, 2),(28, 2),(29, 17),(30, 18),
(30, 20),(30, 23),(30, 24),(30, 27),(30, 29),(36, 30),(37, 30),(38, 30),(39, 30),
(40, 30),(41, 39),(41, 42),(41, 44),(41, 45),(41, 47),(41, 48),(41, 50),(41, 53),
(41, 54),(41, 57),(51, 59),(52, 60),(53, 60),(54, 60),(55, 60),(56, 60),(57, 62),
(58, 63),(59, 65),(60, 68),(61, 69),(62, 72),(63, 74),(64, 75),(65, 77),(66, 78),
(67, 80),(68, 83),(69, 84),(70, 87),(71, 89),(72, 90),(73, 92);

insert into album_has_audio (album_id, audios_id) values
(1, 1),(2, 1),(3, 1),(4, 1),(5, 1),(6, 1),(7, 31),(7, 36),(7, 41),(7, 46),(8, 51),
(8, 56),(9, 61),(10, 66),(11, 71),(12, 76),(13, 81),(14, 86),(15, 91),
(16, 96),(17, 96),(18, 96),(19, 96),(20, 96);