insert into role (id, name) values (1, 'ADMIN'), (2, 'USER');

insert into active (id, name) values (1, 'ACTIVE'),(2, 'DISABLED');

insert into users (user_id,about_me,image,city,date_of_birth,
                   education,email,first_name,is_enable,last_name,
                   last_redaction_date,link_site,password,persist_date,
                   profession,status,active_id,role_id)
values
(1,'My description about life - Admin0','www.myavatar0.ru/9090','SPb','2008-05-30 08:20:12.121000','MIT University','admin0@user.ru','Admin0',1,'LastNameUser0','2020-12-03 02:44:10.280812','www.mysite.ru','userpass0','2020-12-03 02:44:10.280857','Student','free',1,1),
(2,'My description about life - User61','www.myavatar61.ru/9090','SPb','2008-05-30 08:20:12.121000','MIT University','user61@user.ru','User61',1,'LastNameUser61','2020-12-03 02:44:10.337676','www.mysite.ru','userpass61','2020-12-03 02:44:10.337689','Student','free',2,2),
(3,'My description about life - User62','www.myavatar62.ru/9090','SPb','2008-05-30 08:20:12.121000','MIT University','user62@user.ru','User62',1,'LastNameUser62','2020-12-03 02:44:10.338155','www.mysite.ru','userpass62','2020-12-03 02:44:10.338171','Student','free',1,2),
(4,'My description about life - User63','www.myavatar63.ru/9090','SPb','2008-05-30 08:20:12.121000','MIT University','user63@user.ru','User63',1,'LastNameUser63','2020-12-03 02:44:10.338658','www.mysite.ru','userpass63','2020-12-03 02:44:10.338678','Student','free',2,2),
(5,'My description about life - User64','www.myavatar64.ru/9090','SPb','2008-05-30 08:20:12.121000','MIT University','user64@user.ru','User64',1,'LastNameUser64','2020-12-03 02:44:10.339140','www.mysite.ru','userpass64','2020-12-03 02:44:10.339154','Student','free',1,2),
(6,'My description about life - User65','www.myavatar65.ru/9090','SPb','2008-05-30 08:20:12.121000','MIT University','user65@user.ru','User65',1,'LastNameUser65','2020-12-03 02:44:10.339612','www.mysite.ru','userpass65','2020-12-03 02:44:10.339626','Student','free',2,2),
(7,'My description about life - User66','www.myavatar66.ru/9090','SPb','2008-05-30 08:20:12.121000','MIT University','user66@user.ru','User66',1,'LastNameUser66','2020-12-03 02:44:10.340098','www.mysite.ru','userpass66','2020-12-03 02:44:10.340112','Student','free',1,2),
(8,'My description about life - User67','www.myavatar67.ru/9090','SPb','2008-05-30 08:20:12.121000','MIT University','user67@user.ru','User67',1,'LastNameUser67','2020-12-03 02:44:10.340546','www.mysite.ru','userpass67','2020-12-03 02:44:10.340559','Student','free',2,2),
(9,'My description about life - User68','www.myavatar68.ru/9090','SPb','2008-05-30 08:20:12.121000','MIT University','user68@user.ru','User68',1,'LastNameUser68','2020-12-03 02:44:10.341104','www.mysite.ru','userpass68','2020-12-03 02:44:10.341128','Student','free',1,2),
(10,'My description about life - User69','www.myavatar69.ru/9090','SPb','2008-05-30 08:20:12.121000','MIT University','user69@user.ru','User69',1,'LastNameUser69','2020-12-03 02:44:10.341697','www.mysite.ru','userpass69','2020-12-03 02:44:10.341711','Student','free',2,2),
(11,'My description about life - User70','www.myavatar70.ru/9090','SPb','2008-05-30 08:20:12.121000','MIT University','user70@user.ru','User70',1,'LastNameUser70','2020-12-03 02:44:10.342131','www.mysite.ru','userpass70','2020-12-03 02:44:10.342144','Student','free',1,2),
(12,'My description about life - User71','www.myavatar71.ru/9090','SPb','2008-05-30 08:20:12.121000','MIT University','user71@user.ru','User71',1,'LastNameUser71','2020-12-03 02:44:10.342609','www.mysite.ru','userpass71','2020-12-03 02:44:10.342622','Student','free',2,2),
(13,'My description about life - User72','www.myavatar72.ru/9090','SPb','2008-05-30 08:20:12.121000','MIT University','user72@user.ru','User72',1,'LastNameUser72','2020-12-03 02:44:10.343082','www.mysite.ru','userpass72','2020-12-03 02:44:10.343096','Student','free',1,2),
(14,'My description about life - User73','www.myavatar73.ru/9090','SPb','2008-05-30 08:20:12.121000','MIT University','user73@user.ru','User73',1,'LastNameUser73','2020-12-03 02:44:10.343530','www.mysite.ru','userpass73','2020-12-03 02:44:10.343543','Student','free',2,2),
(15,'My description about life - User74','www.myavatar74.ru/9090','SPb','2008-05-30 08:20:12.121000','MIT University','user74@user.ru','User74',1,'LastNameUser74','2020-12-03 02:44:10.343968','www.mysite.ru','userpass74','2020-12-03 02:44:10.343981','Student','free',1,2),
(16,'My description about life - User75','www.myavatar75.ru/9090','SPb','2008-05-30 08:20:12.121000','MIT University','user75@user.ru','User75',1,'LastNameUser75','2020-12-03 02:44:10.344452','www.mysite.ru','userpass75','2020-12-03 02:44:10.344466','Student','free',2,2),
(17,'My description about life - User76','www.myavatar76.ru/9090','SPb','2008-05-30 08:20:12.121000','MIT University','user76@user.ru','User76',1,'LastNameUser76','2020-12-03 02:44:10.345005','www.mysite.ru','userpass76','2020-12-03 02:44:10.345020','Student','free',1,2),
(18,'My description about life - User77','www.myavatar77.ru/9090','SPb','2008-05-30 08:20:12.121000','MIT University','user77@user.ru','User77',1,'LastNameUser77','2020-12-03 02:44:10.345795','www.mysite.ru','userpass77','2020-12-03 02:44:10.345816','Student','free',2,2),
(19,'My description about life - User78','www.myavatar78.ru/9090','SPb','2008-05-30 08:20:12.121000','MIT University','user78@user.ru','User78',1,'LastNameUser78','2020-12-03 02:44:10.346420','www.mysite.ru','userpass78','2020-12-03 02:44:10.346434','Student','free',1,2),
(20,'My description about life - User79','www.myavatar79.ru/9090','SPb','2008-05-30 08:20:12.121000','MIT University','user79@user.ru','User79',1,'LastNameUser79','2020-12-03 02:44:10.346993','www.mysite.ru','userpass79','2020-12-03 02:44:10.347008','Student','free',2,2),
(21,'My description about life - User80','www.myavatar80.ru/9090','SPb','2008-05-30 08:20:12.121000','MIT University','user80@user.ru','User80',1,'LastNameUser80','2020-12-03 02:44:10.351715','www.mysite.ru','userpass80','2020-12-03 02:44:10.351739','Student','free',1,2),
(22,'My description about life - User81','www.myavatar81.ru/9090','SPb','2008-05-30 08:20:12.121000','MIT University','user81@user.ru','User81',1,'LastNameUser81','2020-12-03 02:44:10.352307','www.mysite.ru','userpass81','2020-12-03 02:44:10.352320','Student','free',2,2),
(23,'My description about life - User82','www.myavatar82.ru/9090','SPb','2008-05-30 08:20:12.121000','MIT University','user82@user.ru','User82',1,'LastNameUser82','2020-12-03 02:44:10.352744','www.mysite.ru','userpass82','2020-12-03 02:44:10.352757','Student','free',1,2),
(24,'My description about life - User83','www.myavatar83.ru/9090','SPb','2008-05-30 08:20:12.121000','MIT University','user83@user.ru','User83',1,'LastNameUser83','2020-12-03 02:44:10.353206','www.mysite.ru','userpass83','2020-12-03 02:44:10.353219','Student','free',2,2),
(25,'My description about life - User84','www.myavatar84.ru/9090','SPb','2008-05-30 08:20:12.121000','MIT University','user84@user.ru','User84',1,'LastNameUser84','2020-12-03 02:44:10.353701','www.mysite.ru','userpass84','2020-12-03 02:44:10.353714','Student','free',1,2),
(26,'My description about life - User85','www.myavatar85.ru/9090','SPb','2008-05-30 08:20:12.121000','MIT University','user85@user.ru','User85',1,'LastNameUser85','2020-12-03 02:44:10.354123','www.mysite.ru','userpass85','2020-12-03 02:44:10.354136','Student','free',2,2),
(27,'My description about life - User86','www.myavatar86.ru/9090','SPb','2008-05-30 08:20:12.121000','MIT University','user86@user.ru','User86',1,'LastNameUser86','2020-12-03 02:44:10.354706','www.mysite.ru','userpass86','2020-12-03 02:44:10.354723','Student','free',1,2),
(28,'My description about life - User87','www.myavatar87.ru/9090','SPb','2008-05-30 08:20:12.121000','MIT University','user87@user.ru','User87',1,'LastNameUser87','2020-12-03 02:44:10.355296','www.mysite.ru','userpass87','2020-12-03 02:44:10.355311','Student','free',2,2),
(29,'My description about life - User88','www.myavatar88.ru/9090','SPb','2008-05-30 08:20:12.121000','MIT University','user88@user.ru','User88',1,'LastNameUser88','2020-12-03 02:44:10.355790','www.mysite.ru','userpass88','2020-12-03 02:44:10.355813','Student','free',1,2),
(30,'My description about life - User89','www.myavatar89.ru/9090','SPb','2008-05-30 08:20:12.121000','MIT University','user89@user.ru','User89',1,'LastNameUser89','2020-12-03 02:44:10.356392','www.mysite.ru','userpass89','2020-12-03 02:44:10.356409','Student','free',2,2),
(31,'My description about life - User90','www.myavatar90.ru/9090','SPb','2008-05-30 08:20:12.121000','MIT University','user90@user.ru','User90',1,'LastNameUser90','2020-12-03 02:44:10.356875','www.mysite.ru','userpass90','2020-12-03 02:44:10.356895','Student','free',1,2),
(32,'My description about life - User91','www.myavatar91.ru/9090','SPb','2008-05-30 08:20:12.121000','MIT University','user91@user.ru','User91',1,'LastNameUser91','2020-12-03 02:44:10.357516','www.mysite.ru','userpass91','2020-12-03 02:44:10.357540','Student','free',2,2),
(33,'My description about life - User92','www.myavatar92.ru/9090','SPb','2008-05-30 08:20:12.121000','MIT University','user92@user.ru','User92',1,'LastNameUser92','2020-12-03 02:44:10.357987','www.mysite.ru','userpass92','2020-12-03 02:44:10.358000','Student','free',1,2),
(34,'My description about life - User93','www.myavatar93.ru/9090','SPb','2008-05-30 08:20:12.121000','MIT University','user93@user.ru','User93',1,'LastNameUser93','2020-12-03 02:44:10.358397','www.mysite.ru','userpass93','2020-12-03 02:44:10.358410','Student','free',2,2),
(35,'My description about life - User94','www.myavatar94.ru/9090','SPb','2008-05-30 08:20:12.121000','MIT University','user94@user.ru','User94',1,'LastNameUser94','2020-12-03 02:44:10.358818','www.mysite.ru','userpass94','2020-12-03 02:44:10.358831','Student','free',1,2),
(36,'My description about life - User95','www.myavatar95.ru/9090','SPb','2008-05-30 08:20:12.121000','MIT University','user95@user.ru','User95',1,'LastNameUser95','2020-12-03 02:44:10.359272','www.mysite.ru','userpass95','2020-12-03 02:44:10.359285','Student','free',2,2),
(37,'My description about life - User96','www.myavatar96.ru/9090','SPb','2008-05-30 08:20:12.121000','MIT University','user96@user.ru','User96',1,'LastNameUser96','2020-12-03 02:44:10.359709','www.mysite.ru','userpass96','2020-12-03 02:44:10.359722','Student','free',1,2),
(38,'My description about life - User97','www.myavatar97.ru/9090','SPb','2008-05-30 08:20:12.121000','MIT University','user97@user.ru','User97',1,'LastNameUser97','2020-12-03 02:44:10.360281','www.mysite.ru','userpass97','2020-12-03 02:44:10.360296','Student','free',2,2),
(39,'My description about life - User98','www.myavatar98.ru/9090','SPb','2008-05-30 08:20:12.121000','MIT University','user98@user.ru','User98',1,'LastNameUser98','2020-12-03 02:44:10.360686','www.mysite.ru','userpass98','2020-12-03 02:44:10.360699','Student','free',1,2),
(40,'My description about life - User99','www.myavatar99.ru/9090','SPb','2008-05-30 08:20:12.121000','MIT University','user99@user.ru','User99',1,'LastNameUser99','2020-12-03 02:44:10.361085','www.mysite.ru','userpass99','2020-12-03 02:44:10.361098','Student','free',2,2),
(41,'My description about life - User1','www.myavatar1.ru/9090','SPb','2008-05-30 08:20:12.121000','MIT University','user1@user.ru','User1',1,'LastNameUser1','2020-12-03 02:44:11.145734','www.mysite.ru','userpass1','2020-12-03 02:44:10.284652','Student','free',2,2),
(42,'My description about life - User2','www.myavatar2.ru/9090','SPb','2008-05-30 08:20:12.121000','MIT University','user2@user.ru','User2',1,'LastNameUser2','2020-12-03 02:44:11.146691','www.mysite.ru','userpass2','2020-12-03 02:44:10.285300','Student','free',1,2),
(43,'My description about life - User3','www.myavatar3.ru/9090','SPb','2008-05-30 08:20:12.121000','MIT University','user3@user.ru','User3',1,'LastNameUser3','2020-12-03 02:44:11.146892','www.mysite.ru','userpass3','2020-12-03 02:44:10.286017','Student','free',2,2),
(44,'My description about life - User4','www.myavatar4.ru/9090','SPb','2008-05-30 08:20:12.121000','MIT University','user4@user.ru','User4',1,'LastNameUser4','2020-12-03 02:44:11.147063','www.mysite.ru','userpass4','2020-12-03 02:44:10.287028','Student','free',1,2),
(45,'My description about life - User5','www.myavatar5.ru/9090','SPb','2008-05-30 08:20:12.121000','MIT University','user5@user.ru','User5',1,'LastNameUser5','2020-12-03 02:44:11.147229','www.mysite.ru','userpass5','2020-12-03 02:44:10.287605','Student','free',2,2),
(46,'My description about life - User6','www.myavatar6.ru/9090','SPb','2008-05-30 08:20:12.121000','MIT University','user6@user.ru','User6',1,'LastNameUser6','2020-12-03 02:44:11.147395','www.mysite.ru','userpass6','2020-12-03 02:44:10.288181','Student','free',1,2),
(47,'My description about life - User7','www.myavatar7.ru/9090','SPb','2008-05-30 08:20:12.121000','MIT University','user7@user.ru','User7',1,'LastNameUser7','2020-12-03 02:44:11.147574','www.mysite.ru','userpass7','2020-12-03 02:44:10.288750','Student','free',2,2),
(48,'My description about life - User8','www.myavatar8.ru/9090','SPb','2008-05-30 08:20:12.121000','MIT University','user8@user.ru','User8',1,'LastNameUser8','2020-12-03 02:44:11.147804','www.mysite.ru','userpass8','2020-12-03 02:44:10.289297','Student','free',1,2),
(49,'My description about life - User9','www.myavatar9.ru/9090','SPb','2008-05-30 08:20:12.121000','MIT University','user9@user.ru','User9',1,'LastNameUser9','2020-12-03 02:44:11.147994','www.mysite.ru','userpass9','2020-12-03 02:44:10.289829','Student','free',2,2),
(50,'My description about life - User10','www.myavatar10.ru/9090','SPb','2008-05-30 08:20:12.121000','MIT University','user10@user.ru','User10',1,'LastNameUser10','2020-12-03 02:44:11.148241','www.mysite.ru','userpass10','2020-12-03 02:44:10.290376','Student','free',1,2),
(51,'My description about life - User11','www.myavatar11.ru/9090','SPb','2008-05-30 08:20:12.121000','MIT University','user11@user.ru','User11',1,'LastNameUser11','2020-12-03 02:44:11.148501','www.mysite.ru','userpass11','2020-12-03 02:44:10.290987','Student','free',2,2),
(52,'My description about life - User12','www.myavatar12.ru/9090','SPb','2008-05-30 08:20:12.121000','MIT University','user12@user.ru','User12',1,'LastNameUser12','2020-12-03 02:44:11.148737','www.mysite.ru','userpass12','2020-12-03 02:44:10.291629','Student','free',1,2),
(53,'My description about life - User13','www.myavatar13.ru/9090','SPb','2008-05-30 08:20:12.121000','MIT University','user13@user.ru','User13',1,'LastNameUser13','2020-12-03 02:44:11.148989','www.mysite.ru','userpass13','2020-12-03 02:44:10.292213','Student','free',2,2),
(54,'My description about life - User14','www.myavatar14.ru/9090','SPb','2008-05-30 08:20:12.121000','MIT University','user14@user.ru','User14',1,'LastNameUser14','2020-12-03 02:44:11.149224','www.mysite.ru','userpass14','2020-12-03 02:44:10.292762','Student','free',1,2),
(55,'My description about life - User15','www.myavatar15.ru/9090','SPb','2008-05-30 08:20:12.121000','MIT University','user15@user.ru','User15',1,'LastNameUser15','2020-12-03 02:44:11.149478','www.mysite.ru','userpass15','2020-12-03 02:44:10.293416','Student','free',2,2),
(56,'My description about life - User16','www.myavatar16.ru/9090','SPb','2008-05-30 08:20:12.121000','MIT University','user16@user.ru','User16',1,'LastNameUser16','2020-12-03 02:44:11.149708','www.mysite.ru','userpass16','2020-12-03 02:44:10.294077','Student','free',1,2),
(57,'My description about life - User17','www.myavatar17.ru/9090','SPb','2008-05-30 08:20:12.121000','MIT University','user17@user.ru','User17',1,'LastNameUser17','2020-12-03 02:44:11.149937','www.mysite.ru','userpass17','2020-12-03 02:44:10.294612','Student','free',2,2),
(58,'My description about life - User18','www.myavatar18.ru/9090','SPb','2008-05-30 08:20:12.121000','MIT University','user18@user.ru','User18',1,'LastNameUser18','2020-12-03 02:44:11.150173','www.mysite.ru','userpass18','2020-12-03 02:44:10.295196','Student','free',1,2),
(59,'My description about life - User19','www.myavatar19.ru/9090','SPb','2008-05-30 08:20:12.121000','MIT University','user19@user.ru','User19',1,'LastNameUser19','2020-12-03 02:44:11.150395','www.mysite.ru','userpass19','2020-12-03 02:44:10.295789','Student','free',2,2),
(60,'My description about life - User20','www.myavatar20.ru/9090','SPb','2008-05-30 08:20:12.121000','MIT University','user20@user.ru','User20',1,'LastNameUser20','2020-12-03 02:44:11.150665','www.mysite.ru','userpass20','2020-12-03 02:44:10.304580','Student','free',1,2),
(61,'My description about life - User21','www.myavatar21.ru/9090','SPb','2008-05-30 08:20:12.121000','MIT University','user21@user.ru','User21',1,'LastNameUser21','2020-12-03 02:44:11.157488','www.mysite.ru','userpass21','2020-12-03 02:44:10.305375','Student','free',2,2),
(62,'My description about life - User22','www.myavatar22.ru/9090','SPb','2008-05-30 08:20:12.121000','MIT University','user22@user.ru','User22',1,'LastNameUser22','2020-12-03 02:44:11.157773','www.mysite.ru','userpass22','2020-12-03 02:44:10.306115','Student','free',1,2),
(63,'My description about life - User23','www.myavatar23.ru/9090','SPb','2008-05-30 08:20:12.121000','MIT University','user23@user.ru','User23',1,'LastNameUser23','2020-12-03 02:44:11.157924','www.mysite.ru','userpass23','2020-12-03 02:44:10.307370','Student','free',2,2),
(64,'My description about life - User24','www.myavatar24.ru/9090','SPb','2008-05-30 08:20:12.121000','MIT University','user24@user.ru','User24',1,'LastNameUser24','2020-12-03 02:44:11.158106','www.mysite.ru','userpass24','2020-12-03 02:44:10.308098','Student','free',1,2),
(65,'My description about life - User25','www.myavatar25.ru/9090','SPb','2008-05-30 08:20:12.121000','MIT University','user25@user.ru','User25',1,'LastNameUser25','2020-12-03 02:44:11.158284','www.mysite.ru','userpass25','2020-12-03 02:44:10.308627','Student','free',2,2),
(66,'My description about life - User26','www.myavatar26.ru/9090','SPb','2008-05-30 08:20:12.121000','MIT University','user26@user.ru','User26',1,'LastNameUser26','2020-12-03 02:44:11.158435','www.mysite.ru','userpass26','2020-12-03 02:44:10.309121','Student','free',1,2),
(67,'My description about life - User27','www.myavatar27.ru/9090','SPb','2008-05-30 08:20:12.121000','MIT University','user27@user.ru','User27',1,'LastNameUser27','2020-12-03 02:44:11.158688','www.mysite.ru','userpass27','2020-12-03 02:44:10.309739','Student','free',2,2),
(68,'My description about life - User28','www.myavatar28.ru/9090','SPb','2008-05-30 08:20:12.121000','MIT University','user28@user.ru','User28',1,'LastNameUser28','2020-12-03 02:44:11.158868','www.mysite.ru','userpass28','2020-12-03 02:44:10.310247','Student','free',1,2),
(69,'My description about life - User29','www.myavatar29.ru/9090','SPb','2008-05-30 08:20:12.121000','MIT University','user29@user.ru','User29',1,'LastNameUser29','2020-12-03 02:44:11.159026','www.mysite.ru','userpass29','2020-12-03 02:44:10.310725','Student','free',2,2),
(70,'My description about life - User30','www.myavatar30.ru/9090','SPb','2008-05-30 08:20:12.121000','MIT University','user30@user.ru','User30',1,'LastNameUser30','2020-12-03 02:44:11.159172','www.mysite.ru','userpass30','2020-12-03 02:44:10.311266','Student','free',1,2),
(71,'My description about life - User31','www.myavatar31.ru/9090','SPb','2008-05-30 08:20:12.121000','MIT University','user31@user.ru','User31',1,'LastNameUser31','2020-12-03 02:44:11.159319','www.mysite.ru','userpass31','2020-12-03 02:44:10.311776','Student','free',2,2),
(72,'My description about life - User32','www.myavatar32.ru/9090','SPb','2008-05-30 08:20:12.121000','MIT University','user32@user.ru','User32',1,'LastNameUser32','2020-12-03 02:44:11.159499','www.mysite.ru','userpass32','2020-12-03 02:44:10.312280','Student','free',1,2),
(73,'My description about life - User33','www.myavatar33.ru/9090','SPb','2008-05-30 08:20:12.121000','MIT University','user33@user.ru','User33',1,'LastNameUser33','2020-12-03 02:44:11.159673','www.mysite.ru','userpass33','2020-12-03 02:44:10.312730','Student','free',2,2),
(74,'My description about life - User34','www.myavatar34.ru/9090','SPb','2008-05-30 08:20:12.121000','MIT University','user34@user.ru','User34',1,'LastNameUser34','2020-12-03 02:44:11.159873','www.mysite.ru','userpass34','2020-12-03 02:44:10.313163','Student','free',1,2),
(75,'My description about life - User35','www.myavatar35.ru/9090','SPb','2008-05-30 08:20:12.121000','MIT University','user35@user.ru','User35',1,'LastNameUser35','2020-12-03 02:44:11.160081','www.mysite.ru','userpass35','2020-12-03 02:44:10.313601','Student','free',2,2),
(76,'My description about life - User36','www.myavatar36.ru/9090','SPb','2008-05-30 08:20:12.121000','MIT University','user36@user.ru','User36',1,'LastNameUser36','2020-12-03 02:44:11.160250','www.mysite.ru','userpass36','2020-12-03 02:44:10.314026','Student','free',1,2),
(77,'My description about life - User37','www.myavatar37.ru/9090','SPb','2008-05-30 08:20:12.121000','MIT University','user37@user.ru','User37',1,'LastNameUser37','2020-12-03 02:44:11.160430','www.mysite.ru','userpass37','2020-12-03 02:44:10.314610','Student','free',2,2),
(78,'My description about life - User38','www.myavatar38.ru/9090','SPb','2008-05-30 08:20:12.121000','MIT University','user38@user.ru','User38',1,'LastNameUser38','2020-12-03 02:44:11.160610','www.mysite.ru','userpass38','2020-12-03 02:44:10.315086','Student','free',1,2),
(79,'My description about life - User39','www.myavatar39.ru/9090','SPb','2008-05-30 08:20:12.121000','MIT University','user39@user.ru','User39',1,'LastNameUser39','2020-12-03 02:44:11.160776','www.mysite.ru','userpass39','2020-12-03 02:44:10.315781','Student','free',2,2),
(80,'My description about life - User40','www.myavatar40.ru/9090','SPb','2008-05-30 08:20:12.121000','MIT University','user40@user.ru','User40',1,'LastNameUser40','2020-12-03 02:44:11.160939','www.mysite.ru','userpass40','2020-12-03 02:44:10.321605','Student','free',1,2),
(81,'My description about life - User41','www.myavatar41.ru/9090','SPb','2008-05-30 08:20:12.121000','MIT University','user41@user.ru','User41',1,'LastNameUser41','2020-12-03 02:44:11.166295','www.mysite.ru','userpass41','2020-12-03 02:44:10.322240','Student','free',2,2),
(82,'My description about life - User42','www.myavatar42.ru/9090','SPb','2008-05-30 08:20:12.121000','MIT University','user42@user.ru','User42',1,'LastNameUser42','2020-12-03 02:44:11.166624','www.mysite.ru','userpass42','2020-12-03 02:44:10.322840','Student','free',1,2),
(83,'My description about life - User43','www.myavatar43.ru/9090','SPb','2008-05-30 08:20:12.121000','MIT University','user43@user.ru','User43',1,'LastNameUser43','2020-12-03 02:44:11.166771','www.mysite.ru','userpass43','2020-12-03 02:44:10.323606','Student','free',2,2),
(84,'My description about life - User44','www.myavatar44.ru/9090','SPb','2008-05-30 08:20:12.121000','MIT University','user44@user.ru','User44',1,'LastNameUser44','2020-12-03 02:44:11.166915','www.mysite.ru','userpass44','2020-12-03 02:44:10.324278','Student','free',1,2),
(85,'My description about life - User45','www.myavatar45.ru/9090','SPb','2008-05-30 08:20:12.121000','MIT University','user45@user.ru','User45',1,'LastNameUser45','2020-12-03 02:44:11.167058','www.mysite.ru','userpass45','2020-12-03 02:44:10.324894','Student','free',2,2),
(86,'My description about life - User46','www.myavatar46.ru/9090','SPb','2008-05-30 08:20:12.121000','MIT University','user46@user.ru','User46',1,'LastNameUser46','2020-12-03 02:44:11.167216','www.mysite.ru','userpass46','2020-12-03 02:44:10.325406','Student','free',1,2),
(87,'My description about life - User47','www.myavatar47.ru/9090','SPb','2008-05-30 08:20:12.121000','MIT University','user47@user.ru','User47',1,'LastNameUser47','2020-12-03 02:44:11.167384','www.mysite.ru','userpass47','2020-12-03 02:44:10.325952','Student','free',2,2),
(88,'My description about life - User48','www.myavatar48.ru/9090','SPb','2008-05-30 08:20:12.121000','MIT University','user48@user.ru','User48',1,'LastNameUser48','2020-12-03 02:44:11.167545','www.mysite.ru','userpass48','2020-12-03 02:44:10.326498','Student','free',1,2),
(89,'My description about life - User49','www.myavatar49.ru/9090','SPb','2008-05-30 08:20:12.121000','MIT University','user49@user.ru','User49',1,'LastNameUser49','2020-12-03 02:44:11.167767','www.mysite.ru','userpass49','2020-12-03 02:44:10.327304','Student','free',2,2),
(90,'My description about life - User50','www.myavatar50.ru/9090','SPb','2008-05-30 08:20:12.121000','MIT University','user50@user.ru','User50',1,'LastNameUser50','2020-12-03 02:44:11.167972','www.mysite.ru','userpass50','2020-12-03 02:44:10.327879','Student','free',1,2),
(91,'My description about life - User51','www.myavatar51.ru/9090','SPb','2008-05-30 08:20:12.121000','MIT University','user51@user.ru','User51',1,'LastNameUser51','2020-12-03 02:44:11.168682','www.mysite.ru','userpass51','2020-12-03 02:44:10.328419','Student','free',2,2),
(92,'My description about life - User52','www.myavatar52.ru/9090','SPb','2008-05-30 08:20:12.121000','MIT University','user52@user.ru','User52',1,'LastNameUser52','2020-12-03 02:44:11.168838','www.mysite.ru','userpass52','2020-12-03 02:44:10.328959','Student','free',1,2),
(93,'My description about life - User54','www.myavatar54.ru/9090','SPb','2008-05-30 08:20:12.121000','MIT University','user54@user.ru','User54',1,'LastNameUser54','2020-12-03 02:44:11.169132','www.mysite.ru','userpass54','2020-12-03 02:44:10.329870','Student','free',1,2),
(94,'My description about life - User55','www.myavatar55.ru/9090','SPb','2008-05-30 08:20:12.121000','MIT University','user55@user.ru','User55',1,'LastNameUser55','2020-12-03 02:44:11.169297','www.mysite.ru','userpass55','2020-12-03 02:44:10.330367','Student','free',2,2),
(95,'My description about life - User56','www.myavatar56.ru/9090','SPb','2008-05-30 08:20:12.121000','MIT University','user56@user.ru','User56',1,'LastNameUser56','2020-12-03 02:44:11.169474','www.mysite.ru','userpass56','2020-12-03 02:44:10.330926','Student','free',1,2),
(96,'My description about life - User57','www.myavatar57.ru/9090','SPb','2008-05-30 08:20:12.121000','MIT University','user57@user.ru','User57',1,'LastNameUser57','2020-12-03 02:44:11.169721','www.mysite.ru','userpass57','2020-12-03 02:44:10.331379','Student','free',2,2),
(97,'My description about life - User58','www.myavatar58.ru/9090','SPb','2008-05-30 08:20:12.121000','MIT University','user58@user.ru','User58',1,'LastNameUser58','2020-12-03 02:44:11.169957','www.mysite.ru','userpass58','2020-12-03 02:44:10.331822','Student','free',1,2),
(98,'My description about life - User59','www.myavatar59.ru/9090','SPb','2008-05-30 08:20:12.121000','MIT University','user59@user.ru','User59',1,'LastNameUser59','2020-12-03 02:44:11.170167','www.mysite.ru','userpass59','2020-12-03 02:44:10.332340','Student','free',2,2),
(99,'My description about life - User60','www.myavatar60.ru/9090','SPb','2008-05-30 08:20:12.121000','MIT University','user60@user.ru','User60',1,'LastNameUser60','2020-12-03 02:44:11.170378','www.mysite.ru','userpass60','2020-12-03 02:44:10.337026','Student','free',1,2),
(100,'My description about life - User53','www.myavatar53.ru/9090','SPb','2008-05-30 08:20:12.121000','MIT University','user53@user.ru','User53',1,'LastNameUser53','2020-12-03 02:44:11.523455','www.mysite.ru','userpass53','2020-12-03 02:44:10.329421','Student','free',2,2);

insert into language (id, name) values (1, 'RUSSIAN'), (2, 'ENGLISH');

insert into followers (id, follower_id, user_id)
values
(1,62,1),(2,65,99),(3,60,89),(4,81,42),(5,71,35),(6,63,6),(7,75,20),(8,34,21),(9,18,92),(10,24,72),(11,59,86),(12,92,46),
(13,13,24),(14,5,55),(15,31,51),(16,13,21),(17,72,27),(18,7,53),(19,65,57),(20,69,14),(21,94,69),(22,69,86),(23,8,34),(24,27,64),
(25,77,49),(26,97,97),(27,9,81),(28,4,30),(29,61,84),(30,75,87),(31,39,78),(32,40,17),(33,97,77),(34,79,42),(35,26,84),(36,69,97),
(37,67,54),(38,25,78),(39,10,22),(40,45,94),(41,57,58),(42,86,75),(43,17,78),(44,77,51),(45,45,52),(46,80,55),(47,92,47),(48,86,59),
(49,3,77),(50,14,70),(51,53,94),(52,76,8),(53,13,46),(54,13,87),(55,44,40),(56,71,50),(57,87,89),(58,14,74),(59,97,58),(60,86,28),
(61,17,68),(62,64,38),(63,53,86),(64,21,74),(65,84,31),(66,56,56),(67,72,43),(68,81,19),(69,40,78),(70,11,30),(71,53,17),(72,2,40),
(73,98,56),(74,78,18),(75,41,88),(76,87,36),(77,28,100),(78,23,36),(79,78,85),(80,11,32),(81,22,59),(82,92,57),(83,47,82),(84,49,27),
(85,83,8),(86,21,16),(87,96,89),(88,28,49),(89,76,20),(90,88,11),(91,56,9),(92,5,81),(93,83,77),(94,47,70),(95,76,40),(96,23,68),
(97,19,25),(98,90,22),(99,53,67),(100,20,21),(101,61,97),(102,17,55),(103,27,55),(104,42,78),(105,18,28),(106,16,9),(107,49,46),
(108,43,88),(109,15,48),(110,88,96),(111,82,21),(112,36,35),(113,100,75),(114,73,56),(115,50,81),(116,24,87),(117,68,23),(118,23,84),
(119,65,57),(120,69,100),(121,38,72),(122,80,97),(123,19,52),(124,30,13),(125,80,30),(126,47,48),(127,68,67),(128,81,60),(129,86,18),
(130,14,32),(131,4,82),(132,43,35),(133,87,88),(134,19,23),(135,37,86),(136,21,16),(137,82,73),(138,65,12),(139,74,64),(140,65,77),
(141,94,79),(142,88,97),(143,66,6),(144,22,56),(145,87,13),(146,57,96),(147,12,84),(148,77,45),(149,25,94),(150,64,50),(151,96,13),
(152,74,23),(153,77,90),(154,42,58),(155,94,91),(156,23,43),(157,78,55),(158,81,62),(159,26,92),(160,30,31),(161,95,99),(162,68,40),
(163,69,49),(164,46,53),(165,80,10),(166,56,19),(167,8,48),(168,84,89),(169,91,54),(170,35,91),(171,91,34),(172,51,94),(173,30,9),
(174,65,6),(175,88,85),(176,19,36),(177,4,44),(178,99,49),(179,54,20),(180,15,46),(181,30,69),(182,96,70),(183,21,20),(184,7,39),
(185,40,30),(186,97,89),(187,8,13),(188,17,53),(189,31,95),(190,37,90),(191,99,37),(192,77,36),(193,99,5),(194,91,22),(195,36,63),
(196,37,90),(197,42,12),(198,9,5),(199,3,81),(200,55,28),(201,94,95),(202,36,68),(203,45,37),(204,59,18),(205,70,26),(206,67,45),
(207,32,8),(208,42,8),(209,6,36),(210,88,78),(211,9,52),(212,39,82),(213,16,27),(214,48,48),(215,69,42),(216,87,55),(217,39,61),
(218,24,22),(219,11,89),(220,86,27),(221,95,14),(222,45,52),(223,38,20),(224,91,56),(225,27,5),(226,90,21),(227,56,60),(228,11,28),
(229,1,35),(230,70,69),(231,57,27),(232,5,93),(233,25,92),(234,75,73),(235,83,41),(236,79,51),(237,92,84),(238,35,65),(239,32,20),
(240,56,63),(241,42,42),(242,19,96),(243,33,88),(244,36,41),(245,91,92),(246,99,96),(247,12,50),(248,82,52),(249,80,77),(250,23,71),
(251,22,88),(252,34,9),(253,74,82),(254,68,56),(255,94,69),(256,73,55),(257,7,17),(258,19,6),(259,77,16),(260,35,72),(261,38,18),
(262,35,83),(263,7,32),(264,31,50),(265,23,8),(266,27,95),(267,77,13),(268,17,94),(269,23,13),(270,67,78),(271,5,74),(272,45,99),
(273,83,22),(274,73,17),(275,45,74),(276,46,61),(277,78,42),(278,72,82),(279,81,18),(280,71,33),(281,99,89),(282,8,94),(283,50,70),
(284,61,59),(285,28,7),(286,71,59),(287,81,19),(288,37,29),(289,2,8),(290,57,22),(291,71,50),(292,22,10),(293,15,93),(294,64,49),
(295,12,48),(296,41,99),(297,69,77),(298,8,45),(299,56,7),(300,68,85),(301,67,12),(302,13,20),(303,76,37),(304,100,75),(305,1,24),
(306,3,5),(307,52,8),(308,50,86),(309,30,97),(310,94,80),(311,98,30),(312,31,67),(313,83,36),(314,72,40),(315,28,91),(316,53,8),
(317,11,12),(318,98,15),(319,71,10),(320,84,56),(321,34,100),(322,93,43),(323,60,37),(324,10,53),(325,7,4),(326,78,57),(327,88,43),
(328,29,48),(329,13,19),(330,61,95),(331,33,81),(332,2,51),(333,40,59),(334,37,98),(335,10,80),(336,67,57),(337,99,7),(338,96,33),
(339,74,33),(340,40,16),(341,65,37),(342,91,35),(343,9,80),(344,12,58),(345,92,84),(346,78,96),(347,28,11),(348,54,97),(349,2,52),
(350,60,27),(351,46,99),(352,87,59),(353,9,46),(354,96,31),(355,46,93),(356,1,2),(357,26,84),(358,24,38),(359,38,94),(360,45,52),
(361,91,26),(362,34,46),(363,28,96),(364,28,72),(365,86,16),(366,8,57),(367,33,94),(368,90,81),(369,51,33),(370,73,35),(371,78,47),
(372,98,59),(373,95,90),(374,53,98),(375,96,86),(376,17,82),(377,4,33),(378,27,58),(379,5,89),(380,41,54),(381,27,20),(382,99,7),
(383,15,63),(384,66,51),(385,53,93),(386,94,78),(387,41,97),(388,38,88),(389,89,87),(390,53,12),(391,68,3),(392,87,77),(393,70,74),(394,50,66),
(395,8,20),(396,87,24),(397,22,22),(398,68,13),(399,65,89),(400,21,2),(401,9,70),(402,44,55),(403,2,7),(404,85,89),(405,55,50),(406,19,4),
(407,32,76),(408,78,51),(409,26,13),(410,36,63),(411,15,95),(412,11,21),(413,90,33),(414,81,23),(415,1,92),(416,63,90),(417,34,28),(418,57,69),
(419,89,83),(420,82,39),(421,50,73),(422,12,49),(423,33,79),(424,70,42),(425,62,32),(426,94,57),(427,2,20),(428,26,36),(429,47,7),
(430,21,20),(431,52,91),(432,31,44),(433,49,6),(434,3,7),(435,80,22),(436,99,93),(437,24,72),(438,49,94),(439,78,6),(440,39,62),
(441,33,96),(442,24,60),(443,45,11),(444,49,24),(445,4,54),(446,61,53),(447,77,3),(448,25,34),(449,89,96),(450,69,34),(451,4,42),(452,94,20),
(453,27,16),(454,3,19),(455,47,69),(456,6,84),(457,61,48),(458,90,98),(459,40,82),(460,66,44),(461,88,89),(462,95,21),(463,85,55),(464,83,62),
(465,33,36),(466,95,20),(467,79,70),(468,76,35),(469,57,74),(470,17,2),(471,38,51),(472,25,49),(473,100,97),(474,84,51),(475,47,23),(476,16,24),
(477,8,87),(478,69,43),(479,90,37),(480,76,90),(481,58,24),(482,12,91),(483,83,34),(484,12,93),(485,22,6),(486,73,1),(487,28,40),
(488,81,99),(489,65,72),(490,69,7),(491,72,9),(492,96,45),(493,14,81),(494,43,96),(495,34,61),(496,17,83),(497,32,76),(498,9,96),(499,23,91),
(500,47,90);

insert into friends (id, friend_id, user_id)
values
(1,94,55),(2,31,35),(3,17,15),(4,37,53),(5,50,100),(6,74,69),(7,69,82),(8,61,51),(9,53,89),(10,54,36),(11,9,81),(12,88,33),(13,72,63),
(14,37,88),(15,19,71),(16,72,74),(17,1,98),(18,3,58),(19,42,76),(20,46,16),(21,44,87),(22,92,44),(23,31,33),(24,93,100),(25,32,72),(26,20,48),
(27,53,66),(28,23,6),(29,39,18),(30,22,74),(31,91,34),(32,3,17),(33,43,28),(34,10,12),(35,27,58),(36,69,70),(37,20,71),(38,44,75),
(39,11,39),(40,100,57),(41,31,96),(42,46,97),(43,76,21),(44,67,76),(45,91,43),(46,99,73),(47,18,50),(48,79,71),(49,98,71),(50,34,90),
(51,62,61),(52,48,36),(53,89,89),(54,74,39),(55,8,50),(56,55,29),(57,89,37),(58,16,46),(59,86,43),(60,6,23),(61,64,1),(62,30,85),(63,96,80),
(64,72,93),(65,76,78),(66,34,64),(67,14,43),(68,47,24),(69,14,98),(70,84,95),(71,38,13),(72,72,53),(73,42,82),(74,48,93),(75,87,1),(76,34,45),
(77,7,56),(78,93,45),(79,27,57),(80,44,22),(81,65,84),(82,85,69),(83,64,65),(84,49,59),(85,51,95),(86,81,45),(87,92,71),(88,31,23),(89,81,34),
(90,64,88),(91,41,71),(92,73,7),(93,59,22),(94,65,82),(95,66,94),(96,59,47),(97,57,98),(98,45,19),(99,3,60),(100,73,30),(101,49,60),(102,48,91),(103,29,93),
(104,33,69),(105,45,90),(106,55,48),(107,59,39),(108,99,81),(109,49,6),(110,89,5),(111,43,31),(112,25,48),(113,42,23),(114,41,53),(115,17,27),
(116,15,46),(117,44,25),(118,42,47),(119,71,27),(120,51,94),(121,33,89),(122,90,26),(123,20,91),(124,97,45),(125,10,6),(126,88,11),(127,68,80),
(128,46,18),(129,38,88),(130,86,5),(131,35,45),(132,15,50),(133,97,74),(134,15,57),(135,57,58),(136,99,26),(137,41,52),(138,38,78),(139,10,56),
(140,1,81),(141,20,51),(142,2,25),(143,91,36),(144,20,29),(145,36,28),(146,24,86),(147,68,28),(148,54,25),(149,53,72),(150,54,44),(151,89,31),
(152,37,81),(153,30,65),(154,27,82),(155,88,100),(156,94,13),(157,77,47),(158,40,62),(159,66,70),(160,41,27),(161,83,58),(162,82,14),(163,99,79),
(164,73,43),(165,17,97),(166,65,84),(167,25,58),(168,78,84),(169,8,84),(170,15,53),(171,83,80),(172,57,57),(173,98,22),(174,70,11),(175,53,77),
(176,44,41),(177,81,5),(178,77,44),(179,81,98),(180,11,43),(181,60,28),(182,55,4),(183,82,81),(184,63,82),(185,45,61),(186,95,8),(187,5,15),(188,3,17),
(189,30,18),(190,25,1),(191,42,37),(192,62,27),(193,8,35),(194,17,48),(195,63,93),(196,72,17),(197,66,27),(198,64,4),(199,82,40),(200,19,2),(201,20,95),
(202,32,39),(203,84,48),(204,67,79),(205,100,5),(206,35,47),(207,96,94),(208,14,24),(209,73,27),(210,44,94),(211,54,25),(212,29,32),(213,70,71),(214,4,11),
(215,4,70),(216,55,21),(217,69,20),(218,92,26),(219,48,42),(220,57,56),(221,62,5),(222,87,6),(223,31,89),(224,13,52),(225,94,60),(226,8,77),(227,91,73),(228,28,81),
(229,53,98),(230,34,45),(231,66,36),(232,4,78),(233,86,90),(234,44,57),(235,99,50),(236,76,38),(237,51,61),(238,13,57),(239,3,73),(240,12,24),(241,94,35),
(242,41,48),(243,53,40),(244,1,48),(245,42,77),(246,54,28),(247,48,75),(248,51,100),(249,34,29),(250,49,100),(251,47,23),(252,78,75),(253,36,17),(254,89,28),
(255,41,85),(256,56,79),(257,32,3),(258,90,89),(259,82,55),(260,29,6),(261,48,3),(262,33,91),(263,18,74),(264,25,20),(265,74,65),(266,91,39),
(267,32,36),(268,55,92),(269,95,25),(270,79,52),(271,91,37),(272,78,54),(273,44,43),(274,42,8),(275,1,36),(276,38,34),(277,17,20),(278,41,41),
(279,90,72),(280,86,24),(281,43,24),(282,30,50),(283,7,54),(284,38,13),(285,92,84),(286,88,46),(287,89,22),(288,3,70),(289,33,49),(290,94,43),
(291,91,39),(292,16,66),(293,17,71),(294,37,24),(295,19,80),(296,58,83),(297,34,20),(298,74,70),(299,20,10),(300,26,24),(301,53,2),(302,45,85),
(303,56,58),(304,84,44),(305,59,42),(306,50,26),(307,98,66),(308,53,64),(309,41,70),(310,51,23),(311,99,36),(312,73,18),(313,6,91),(314,100,74),(315,36,3),
(316,44,56),(317,95,68),(318,17,18),(319,26,48),(320,76,34),(321,70,17),(322,23,25),(323,63,82),(324,58,6),(325,47,100),(326,16,84),(327,15,76),
(328,46,34),(329,32,55),(330,37,55),(331,74,41),(332,28,91),(333,77,79),(334,35,2),(335,86,64),(336,9,93),(337,52,2),(338,81,56),(339,66,50),(340,1,10),
(341,5,9),(342,6,70),(343,81,40),(344,77,11),(345,53,76),(346,85,30),(347,78,100),(348,20,95),(349,54,58),(350,58,67),(351,59,65),(352,4,74),(353,3,52),
(354,20,93),(355,57,12),(356,36,78),(357,82,15),(358,11,25),(359,47,89),(360,71,93),(361,75,80),(362,38,62),(363,5,67),(364,8,81),(365,84,25),(366,59,97),
(367,94,33),(368,15,26),(369,34,70),(370,38,12),(371,54,70),(372,45,75),(373,56,21),(374,34,74),(375,93,64),(376,100,30),(377,75,76),(378,4,28),(379,39,22),
(380,76,81),(381,44,74),(382,29,48),(383,100,31),(384,85,45),(385,98,38),(386,63,48),(387,75,20),(388,10,11),(389,41,37),(390,11,55),(391,77,54),(392,38,5),
(393,44,14),(394,37,80),(395,42,91),(396,89,64),(397,74,90),(398,8,72),(399,52,95),(400,35,38),(401,43,85),(402,90,8),(403,87,79),(404,92,67),(405,44,99),
(406,55,60),(407,84,96),(408,29,37),(409,47,54),(410,85,72),(411,12,50),(412,95,65),(413,46,76),(414,50,91),(415,44,55),(416,74,5),(417,74,88),(418,40,65),
(419,91,69),(420,7,48),(421,51,24),(422,36,10),(423,19,11),(424,45,66),(425,17,83),(426,68,70),(427,75,88),(428,58,44),(429,62,18),(430,8,75),(431,10,52),(432,41,59),
(433,73,71),(434,53,22),(435,22,3),(436,55,1),(437,34,59),(438,60,50),(439,13,36),(440,74,89),(441,57,34),(442,81,20),(443,9,20),(444,9,67),
(445,68,62),(446,33,57),(447,79,19),(448,60,66),(449,12,61),(450,13,60),(451,78,99),(452,96,16),(453,76,7),(454,10,83),(455,60,14),(456,76,4),(457,94,37),
(458,21,19),(459,72,12),(460,32,16),(461,7,37),(462,19,65),(463,28,58),(464,30,3),(465,4,43),(466,66,46),(467,79,42),(468,43,47),(469,1,25),(470,77,9),
(471,80,89),(472,91,90),(473,34,6),(474,37,27),(475,85,44),(476,68,19),(477,75,72),(478,51,89),(479,38,59),(480,38,51),(481,88,58),(482,11,1),
(483,40,30),(484,70,61),(485,43,84),(486,43,98),(487,97,34),(488,61,13),(489,41,37),(490,12,91),(491,12,89),(492,45,13),(493,36,72),(494,99,62),
(495,6,37),(496,100,14),(497,23,13),(498,67,41),(499,74,80),(500,70,99);

insert into media (id, media_type, persist_date, url, user_id)
values
(75, 0, '2020-12-03 03:22:35.144537', 'www.myimage.ru', 15),(8, 0, '2020-12-03 03:22:35.130731', 'www.myimage.ru', 47),
(9, 0, '2020-12-03 03:22:35.130898', 'www.myimage.ru', 48),(69, 0, '2020-12-03 03:22:35.144049', 'www.myimage.ru', 9),
(12, 0, '2020-12-03 03:22:35.131207', 'www.myimage.ru', 51),(14, 0, '2020-12-03 03:22:35.131392', 'www.myimage.ru', 53),
(15, 0, '2020-12-03 03:22:35.131498', 'www.myimage.ru', 54),(17, 0, '2020-12-03 03:22:35.131672', 'www.myimage.ru', 56),
(18, 0, '2020-12-03 03:22:35.131758', 'www.myimage.ru', 57),(20, 0, '2020-12-03 03:22:35.131979', 'www.myimage.ru', 59),
(72, 0, '2020-12-03 03:22:35.144304', 'www.myimage.ru', 12),(23, 0, '2020-12-03 03:22:35.135661', 'www.myimage.ru', 62),
(24, 0, '2020-12-03 03:22:35.135747', 'www.myimage.ru', 63),(3, 0, '2020-12-03 03:22:35.129592', 'www.myimage.ru', 42),
(27, 0, '2020-12-03 03:22:35.136006', 'www.myimage.ru', 66),(74, 0, '2020-12-03 03:22:35.144459', 'www.myimage.ru', 14),
(29, 0, '2020-12-03 03:22:35.136207', 'www.myimage.ru', 68),(30, 0, '2020-12-03 03:22:35.136301', 'www.myimage.ru', 69),
(32, 0, '2020-12-03 03:22:35.136556', 'www.myimage.ru', 71),(33, 0, '2020-12-03 03:22:35.136662', 'www.myimage.ru', 72),
(35, 0, '2020-12-03 03:22:35.136839', 'www.myimage.ru', 74),(38, 0, '2020-12-03 03:22:35.137069', 'www.myimage.ru', 77),
(39, 0, '2020-12-03 03:22:35.137159', 'www.myimage.ru', 78),(77, 0, '2020-12-03 03:22:35.144694', 'www.myimage.ru', 17),
(42, 0, '2020-12-03 03:22:35.139162', 'www.myimage.ru', 81),(78, 0, '2020-12-03 03:22:35.144771', 'www.myimage.ru', 18),
(44, 0, '2020-12-03 03:22:35.139348', 'www.myimage.ru', 83),(45, 0, '2020-12-03 03:22:35.139441', 'www.myimage.ru', 84),
(47, 0, '2020-12-03 03:22:35.139660', 'www.myimage.ru', 86),(48, 0, '2020-12-03 03:22:35.139749', 'www.myimage.ru', 87),
(50, 0, '2020-12-03 03:22:35.139957', 'www.myimage.ru', 89),(62, 0, '2020-12-03 03:22:35.143485', 'www.myimage.ru', 2),
(53, 0, '2020-12-03 03:22:35.140320', 'www.myimage.ru', 92),(80, 0, '2020-12-03 03:22:35.144941', 'www.myimage.ru', 20),
(57, 0, '2020-12-03 03:22:35.140687', 'www.myimage.ru', 95),(59, 0, '2020-12-03 03:22:35.140882', 'www.myimage.ru', 97),
(60, 0, '2020-12-03 03:22:35.140985', 'www.myimage.ru', 98),(54, 0, '2020-12-03 03:22:35.140412', 'www.myimage.ru', 100),
(63, 0, '2020-12-03 03:22:35.143565', 'www.myimage.ru', 3),(83, 0, '2020-12-03 03:22:35.147217', 'www.myimage.ru', 23),
(84, 0, '2020-12-03 03:22:35.147344', 'www.myimage.ru', 24),(2, 0, '2020-12-03 03:22:35.129481', 'www.myimage.ru', 41),
(87, 0, '2020-12-03 03:22:35.147710', 'www.myimage.ru', 27),(65, 0, '2020-12-03 03:22:35.143723', 'www.myimage.ru', 5),
(89, 0, '2020-12-03 03:22:35.147957', 'www.myimage.ru', 29),(90, 0, '2020-12-03 03:22:35.148103', 'www.myimage.ru', 30),
(92, 0, '2020-12-03 03:22:35.148361', 'www.myimage.ru', 32),(93, 0, '2020-12-03 03:22:35.148492', 'www.myimage.ru', 33),
(95, 0, '2020-12-03 03:22:35.148739', 'www.myimage.ru', 35),(5, 0, '2020-12-03 03:22:35.129797', 'www.myimage.ru', 44),
(98, 0, '2020-12-03 03:22:35.149015', 'www.myimage.ru', 38),(99, 0, '2020-12-03 03:22:35.149105', 'www.myimage.ru', 39),
(68, 0, '2020-12-03 03:22:35.143957', 'www.myimage.ru', 8),(36, 1, '2020-12-03 03:22:35.136916', 'www.myaudio.ru', 75),
(76, 1, '2020-12-03 03:22:35.144616', 'www.myaudio.ru', 16),(6, 1, '2020-12-03 03:22:35.129896', 'www.myaudio.ru', 45),
(81, 1, '2020-12-03 03:22:35.146925', 'www.myaudio.ru', 21),(71, 1, '2020-12-03 03:22:35.144225', 'www.myaudio.ru', 11),
(41, 1, '2020-12-03 03:22:35.139024', 'www.myaudio.ru', 80),(91, 1, '2020-12-03 03:22:35.148233', 'www.myaudio.ru', 31),
(61, 1, '2020-12-03 03:22:35.143352', 'www.myaudio.ru', 99),(31, 1, '2020-12-03 03:22:35.136447', 'www.myaudio.ru', 70),
(16, 1, '2020-12-03 03:22:35.131585', 'www.myaudio.ru', 55),(46, 1, '2020-12-03 03:22:35.139571', 'www.myaudio.ru', 85),
(66, 1, '2020-12-03 03:22:35.143800', 'www.myaudio.ru', 6),(21, 1, '2020-12-03 03:22:35.135401', 'www.myaudio.ru', 60),
(1, 1, '2020-12-03 03:22:35.129130', 'www.myaudio.ru', 1),(96, 1, '2020-12-03 03:22:35.148843', 'www.myaudio.ru', 36),
(51, 1, '2020-12-03 03:22:35.140120', 'www.myaudio.ru', 90),(86, 1, '2020-12-03 03:22:35.147589', 'www.myaudio.ru', 26),
(11, 1, '2020-12-03 03:22:35.131115', 'www.myaudio.ru', 50),(26, 1, '2020-12-03 03:22:35.135920', 'www.myaudio.ru', 65),
(56, 1, '2020-12-03 03:22:35.140592', 'www.myaudio.ru', 94),(49, 2, '2020-12-03 03:22:35.139841', 'www.myvideo.ru', 88),
(4, 2, '2020-12-03 03:22:35.129700', 'www.myvideo.ru', 43),(7, 2, '2020-12-03 03:22:35.130000', 'www.myvideo.ru', 46),
(64, 2, '2020-12-03 03:22:35.143644', 'www.myvideo.ru', 4),(67, 2, '2020-12-03 03:22:35.143879', 'www.myvideo.ru', 7),
(70, 2, '2020-12-03 03:22:35.144136', 'www.myvideo.ru', 10),(73, 2, '2020-12-03 03:22:35.144381', 'www.myvideo.ru', 13),
(79, 2, '2020-12-03 03:22:35.144861', 'www.myvideo.ru', 19),(82, 2, '2020-12-03 03:22:35.147095', 'www.myvideo.ru', 22),
(85, 2, '2020-12-03 03:22:35.147465', 'www.myvideo.ru', 25),(88, 2, '2020-12-03 03:22:35.147831', 'www.myvideo.ru', 28),
(94, 2, '2020-12-03 03:22:35.148622', 'www.myvideo.ru', 34),(97, 2, '2020-12-03 03:22:35.148930', 'www.myvideo.ru', 37),
(100, 2, '2020-12-03 03:22:35.149205', 'www.myvideo.ru', 40),(10, 2, '2020-12-03 03:22:35.131000', 'www.myvideo.ru', 49),
(13, 2, '2020-12-03 03:22:35.131300', 'www.myvideo.ru', 52),(19, 2, '2020-12-03 03:22:35.131860', 'www.myvideo.ru', 58),
(22, 2, '2020-12-03 03:22:35.135573', 'www.myvideo.ru', 61),(25, 2, '2020-12-03 03:22:35.135833', 'www.myvideo.ru', 64),
(28, 2, '2020-12-03 03:22:35.136120', 'www.myvideo.ru', 67),(34, 2, '2020-12-03 03:22:35.136759', 'www.myvideo.ru', 73),
(37, 2, '2020-12-03 03:22:35.136992', 'www.myvideo.ru', 76),(40, 2, '2020-12-03 03:22:35.137248', 'www.myvideo.ru', 79),
(43, 2, '2020-12-03 03:22:35.139255', 'www.myvideo.ru', 82),(52, 2, '2020-12-03 03:22:35.140232', 'www.myvideo.ru', 91),
(55, 2, '2020-12-03 03:22:35.140499', 'www.myvideo.ru', 93),(58, 2, '2020-12-03 03:22:35.140777', 'www.myvideo.ru', 96);

insert into audios (album, author, icon, length, name, media_id)
values
('AlbumTestName 0', 'Test Author 0', 'TestIcon0', 238, 'AudioTestName 0', 1),('AlbumTestName 5', 'Test Author 5', 'TestIcon5', 238, 'AudioTestName 5', 6),
('AlbumTestName 10', 'Test Author 10', 'TestIcon10', 238, 'AudioTestName 10', 11),('AlbumTestName 15', 'Test Author 15', 'TestIcon15', 238, 'AudioTestName 15', 16),
('AlbumTestName 20', 'Test Author 20', 'TestIcon20', 238, 'AudioTestName 20', 21),('AlbumTestName 25', 'Test Author 25', 'TestIcon25', 238, 'AudioTestName 25', 26),
('AlbumTestName 30', 'Test Author 30', 'TestIcon30', 238, 'AudioTestName 30', 31),('AlbumTestName 35', 'Test Author 35', 'TestIcon35', 238, 'AudioTestName 35', 36),
('AlbumTestName 40', 'Test Author 40', 'TestIcon40', 238, 'AudioTestName 40', 41),('AlbumTestName 45', 'Test Author 45', 'TestIcon45', 238, 'AudioTestName 45', 46),
('AlbumTestName 50', 'Test Author 50', 'TestIcon50', 238, 'AudioTestName 50', 51),('AlbumTestName 55', 'Test Author 55', 'TestIcon55', 238, 'AudioTestName 55', 56),
('AlbumTestName 60', 'Test Author 60', 'TestIcon60', 238, 'AudioTestName 60', 61),('AlbumTestName 65', 'Test Author 65', 'TestIcon65', 238, 'AudioTestName 65', 66),
('AlbumTestName 70', 'Test Author 70', 'TestIcon70', 238, 'AudioTestName 70', 71),('AlbumTestName 75', 'Test Author 75', 'TestIcon75', 238, 'AudioTestName 75', 76),
('AlbumTestName 80', 'Test Author 80', 'TestIcon80', 238, 'AudioTestName 80', 81),('AlbumTestName 85', 'Test Author 85', 'TestIcon85', 238, 'AudioTestName 85', 86),
('AlbumTestName 90', 'Test Author 90', 'TestIcon90', 238, 'AudioTestName 90', 91),('AlbumTestName 95', 'Test Author 95', 'TestIcon95', 238, 'AudioTestName 95', 96);

insert into videos (author, icon, name, media_id)
values
('Test Author3', 'New Test Icon video 3', 'Test video 3', 4),('Test Author6', 'New Test Icon video 6', 'Test video 6', 7),
('Test Author9', 'New Test Icon video 9', 'Test video 9', 10),('Test Author12', 'New Test Icon video 12', 'Test video 12', 13),
('Test Author18', 'New Test Icon video 18', 'Test video 18', 19),('Test Author21', 'New Test Icon video 21', 'Test video 21', 22),
('Test Author24', 'New Test Icon video 24', 'Test video 24', 25),('Test Author27', 'New Test Icon video 27', 'Test video 27', 28),
('Test Author33', 'New Test Icon video 33', 'Test video 33', 34),('Test Author36', 'New Test Icon video 36', 'Test video 36', 37),
('Test Author39', 'New Test Icon video 39', 'Test video 39', 40),('Test Author42', 'New Test Icon video 42', 'Test video 42', 43),
('Test Author48', 'New Test Icon video 48', 'Test video 48', 49),('Test Author51', 'New Test Icon video 51', 'Test video 51', 52),
('Test Author54', 'New Test Icon video 54', 'Test video 54', 55),('Test Author57', 'New Test Icon video 57', 'Test video 57', 58),
('Test Author63', 'New Test Icon video 63', 'Test video 63', 64),('Test Author66', 'New Test Icon video 66', 'Test video 66', 67),
('Test Author69', 'New Test Icon video 69', 'Test video 69', 70),('Test Author72', 'New Test Icon video 72', 'Test video 72', 73),
('Test Author78', 'New Test Icon video 78', 'Test video 78', 79),('Test Author81', 'New Test Icon video 81', 'Test video 81', 82),
('Test Author84', 'New Test Icon video 84', 'Test video 84', 85),('Test Author87', 'New Test Icon video 87', 'Test video 87', 88),
('Test Author93', 'New Test Icon video 93', 'Test video 93', 94),('Test Author96', 'New Test Icon video 96', 'Test video 96', 97),
('Test Author99', 'New Test Icon video 99', 'Test video 99', 100);

insert into images (description, media_id) values
('Image Media Test File 1',2),('Image Media Test File 2',3),('Image Media Test File 4',5),('Image Media Test File 7',8),
('Image Media Test File 8',9),('Image Media Test File 11',12),('Image Media Test File 13',14),('Image Media Test File 14',15),
('Image Media Test File 16',17),('Image Media Test File 17',18),('Image Media Test File 19',20),('Image Media Test File 22',23),
('Image Media Test File 23',24),('Image Media Test File 26',27),('Image Media Test File 28',29),('Image Media Test File 29',30),
('Image Media Test File 31',32),('Image Media Test File 32',33),('Image Media Test File 34',35),('Image Media Test File 37',38),
('Image Media Test File 38',39),('Image Media Test File 41',42),('Image Media Test File 43',44),('Image Media Test File 44',45),
('Image Media Test File 46',47),('Image Media Test File 47',48),('Image Media Test File 49',50),('Image Media Test File 52',53),
('Image Media Test File 53',54),('Image Media Test File 56',57),('Image Media Test File 58',59),('Image Media Test File 59',60),
('Image Media Test File 61',62),('Image Media Test File 62',63),('Image Media Test File 64',65),('Image Media Test File 67',68),
('Image Media Test File 68',69),('Image Media Test File 71',72),('Image Media Test File 73',74),('Image Media Test File 74',75),
('Image Media Test File 76',77),('Image Media Test File 77',78),('Image Media Test File 79',80),('Image Media Test File 82',83),
('Image Media Test File 83',84),('Image Media Test File 86',87),('Image Media Test File 88',89),('Image Media Test File 89',90),
('Image Media Test File 91',92),('Image Media Test File 92',93),('Image Media Test File 94',95),('Image Media Test File 97',98),
('Image Media Test File 98',99);

insert into playlists (playlist_id, image, name, persist_date, user_id) values
(1,'image1', 'playlistName1', '2020-12-03 03:22:35.697358', 100),
(2,'image2', 'playlistName2', '2020-12-03 03:22:35.697648', 100),
(3,'image3', 'playlistName3', '2020-12-03 03:22:35.697712', 100),
(4,'image4', 'playlistName4', '2020-12-03 03:22:35.697772', 100),
(5,'image5', 'playlistName5', '2020-12-03 03:22:35.697830', 100);

insert into topics (id, topic) values
(1,' 1'),(2,' 2'),(3,' 3'),(4,' 4'),(5,' 5'),(6,' 6'),(7,' 7'),(8,' 8'),(9,' 9'),
(10,' 10'),(11,' 11'),(12,' 12'),(13,' 13'),(14,' 14'),(15,' 15'),(16,' 16'),(17,' 17'),
(18,' 18'),(19,' 19'),(20,' 20'),(21,' 21'),(22,' 22'),(23,' 23'),(24,' 24'),(25,' 25'),
(26,' 26'),(27,' 27'),(28,' 28'),(29,' 29'),(30,' 30'),(31,' 31'),(32,' 32'),(33,' 33'),
(34,' 34'),(35,' 35'),(36,' 36'),(37,' 37'),(38,' 38'),(39,' 39'),(40,' 40'),(41,' 41'),
(42,' 42'),(43,' 43'),(44,' 44'),(45,' 45'),(46,' 46'),(47,' 47'),(48,' 48'),(49,' 49'),
(50,' 50'),(51,' 51'),(52,' 52'),(53,' 53'),(54,' 54'),(55,' 55'),(56,' 56'),(57,' 57'),
(58,' 58'),(59,' 59'),(60,' 60'),(61,' 61'),(62,' 62'),(63,' 63'),(64,' 64'),(65,' 65'),
(66,' 66'),(67,' 67'),(68,' 68'),(69,' 69'),(70,' 70'),(71,' 71'),(72,' 72'),(73,' 73'),
(74,' 74'),(75,' 75'),(76,' 76'),(77,' 77'),(78,' 78'),(79,' 79'),(80,' 80'),(81,' 81'),
(82,' 82'),(83,' 83'),(84,' 84'),(85,' 85'),(86,' 86'),(87,' 87'),(88,' 88'),(89,' 89'),
(90,' 90'),(91,' 91'),(92,' 92'),(93,' 93'),(94,' 94'),(95,' 95'),(96,' 96'),(97,' 97'),
(98,' 98'),(99,' 99'),(100,' 100');

insert into tags (id, text) values
(1,'This is 0 tag'),(2,'This is 1 tag'),(3,'This is 2 tag'),(4,'This is 3 tag'),(5,'This is 4 tag'),(6,'This is 5 tag'),
(7,'This is 6 tag'),(8,'This is 7 tag'),(9,'This is 8 tag'),(10,'This is 9 tag'),(11,'This is 10 tag'),(12,'This is 11 tag'),
(13,'This is 12 tag'),(14,'This is 13 tag'),(15,'This is 14 tag'),(16,'This is 15 tag'),(17,'This is 16 tag'),
(18,'This is 17 tag'),(19,'This is 18 tag'),(20,'This is 19 tag'),(21,'This is 20 tag'),(22,'This is 21 tag'),
(23,'This is 22 tag'),(24,'This is 23 tag'),(25,'This is 24 tag'),(26,'This is 25 tag'),(27,'This is 26 tag'),(28,'This is 27 tag'),
(29,'This is 28 tag'),(30,'This is 29 tag'),(31,'This is 30 tag'),(32,'This is 31 tag'),(33,'This is 32 tag'),(34,'This is 33 tag'),
(35,'This is 34 tag'),(36,'This is 35 tag'),(37,'This is 36 tag'),(38,'This is 37 tag'),(39,'This is 38 tag'),(40,'This is 39 tag'),
(41,'This is 40 tag'),(42,'This is 41 tag'),(43,'This is 42 tag'),(44,'This is 43 tag'),(45,'This is 44 tag'),(46,'This is 45 tag'),
(47,'This is 46 tag'),(48,'This is 47 tag'),(49,'This is 48 tag'),(50,'This is 49 tag'),(51,'This is 50 tag'),
(52,'This is 51 tag'),(53,'This is 52 tag'),(54,'This is 53 tag'),(55,'This is 54 tag'),(56,'This is 55 tag'),(57,'This is 56 tag'),
(58,'This is 57 tag'),(59,'This is 58 tag'),(60,'This is 59 tag'),(61,'This is 60 tag'),(62,'This is 61 tag'),(63,'This is 62 tag'),
(64,'This is 63 tag'),(65,'This is 64 tag'),(66,'This is 65 tag'),(67,'This is 66 tag'),(68,'This is 67 tag'),(69,'This is 68 tag'),
(70,'This is 69 tag'),(71,'This is 70 tag'),(72,'This is 71 tag'),(73,'This is 72 tag'),(74,'This is 73 tag'),
(75,'This is 74 tag'),(76,'This is 75 tag'),(77,'This is 76 tag'),(78,'This is 77 tag'),(79,'This is 78 tag'),(80,'This is 79 tag'),
(81,'This is 80 tag'),(82,'This is 81 tag'),(83,'This is 82 tag'),(84,'This is 83 tag'),(85,'This is 84 tag'),(86,'This is 85 tag'),
(87,'This is 86 tag'),(88,'This is 87 tag'),(89,'This is 88 tag'),(90,'This is 89 tag'),(91,'This is 90 tag'),(92,'This is 91 tag'),
(93,'This is 92 tag'),(94,'This is 93 tag'),(95,'This is 94 tag'),(96,'This is 95 tag'),(97,'This is 96 tag'),(98,'This is 97 tag'),
(99,'This is 98 tag'),(100,'This is 99 tag');

insert into posts (id, last_redaction_date, persist_date, text, title, user_id, topic_id) values
(1,'2020-12-02 15:36:04.357900', '2020-12-02 15:36:04.357913', 'There is the 4 text of this post', 'The 4 test post',22,1),
(2,'2020-12-02 15:36:04.358289', '2020-12-02 15:36:04.358295', 'There is the 1 text of this post', 'The 1 test post',20,2),
(3,'2020-12-02 15:36:04.358480', '2020-12-02 15:36:04.358486', 'There is the 3 text of this post', 'The 3 test post',65,3),
(4,'2020-12-02 15:36:04.358670', '2020-12-02 15:36:04.358676', 'There is the 2 text of this post', 'The 2 test post',75,4),
(5,'2020-12-02 15:36:04.358858', '2020-12-02 15:36:04.358864', 'There is the 0 text of this post', 'The 0 test post',47,5),
(6,'2020-12-02 15:36:04.359427', '2020-12-02 15:36:04.359434', 'There is the 8 text of this post', 'The 8 test post',70,6),
(7,'2020-12-02 15:36:04.359623', '2020-12-02 15:36:04.359629', 'There is the 5 text of this post', 'The 5 test post',69,7),
(8,'2020-12-02 15:36:04.359816', '2020-12-02 15:36:04.359822', 'There is the 9 text of this post', 'The 9 test post',95,8),
(9,'2020-12-02 15:36:04.360006', '2020-12-02 15:36:04.360013', 'There is the 6 text of this post', 'The 6 test post',39,9),
(10,'2020-12-02 15:36:04.360222', '2020-12-02 15:36:04.360229', 'There is the 7 text of this post', 'The 7 test post',29,10),
(11,'2020-12-02 15:36:04.360452', '2020-12-02 15:36:04.360458', 'There is the 14 text of this post', 'The 14 test post',64,11),
(12,'2020-12-02 15:36:04.360640', '2020-12-02 15:36:04.360646', 'There is the 11 text of this post', 'The 11 test post',65,12),
(13,'2020-12-02 15:36:04.360830', '2020-12-02 15:36:04.360836', 'There is the 12 text of this post', 'The 12 test post',1,13),
(14,'2020-12-02 15:36:04.361017', '2020-12-02 15:36:04.361023', 'There is the 13 text of this post', 'The 13 test post',56,14),
(15,'2020-12-02 15:36:04.361252', '2020-12-02 15:36:04.361258', 'There is the 10 text of this post', 'The 10 test post',50,15),
(16,'2020-12-02 15:36:04.361441', '2020-12-02 15:36:04.361447', 'There is the 15 text of this post', 'The 15 test post',18,16),
(17,'2020-12-02 15:36:04.361627', '2020-12-02 15:36:04.361633', 'There is the 16 text of this post', 'The 16 test post',77,17),
(18,'2020-12-02 15:36:04.361813', '2020-12-02 15:36:04.361819', 'There is the 19 text of this post', 'The 19 test post',88,18),
(19,'2020-12-02 15:36:04.362005', '2020-12-02 15:36:04.362011', 'There is the 18 text of this post', 'The 18 test post',50,19),
(20,'2020-12-02 15:36:04.362193', '2020-12-02 15:36:04.362199', 'There is the 17 text of this post', 'The 17 test post',9,20),
(21,'2020-12-02 15:36:04.366503', '2020-12-02 15:36:04.366516', 'There is the 23 text of this post', 'The 23 test post',7,21),
(22,'2020-12-02 15:36:04.366765', '2020-12-02 15:36:04.366771', 'There is the 22 text of this post', 'The 22 test post',75,22),
(23,'2020-12-02 15:36:04.366932', '2020-12-02 15:36:04.366937', 'There is the 21 text of this post', 'The 21 test post',85,23),
(24,'2020-12-02 15:36:04.367097', '2020-12-02 15:36:04.367103', 'There is the 20 text of this post', 'The 20 test post',64,24),
(25,'2020-12-02 15:36:04.367261', '2020-12-02 15:36:04.367267', 'There is the 24 text of this post', 'The 24 test post',95,25),
(26,'2020-12-02 15:36:04.367425', '2020-12-02 15:36:04.367431', 'There is the 28 text of this post', 'The 28 test post',81,26),
(27,'2020-12-02 15:36:04.367620', '2020-12-02 15:36:04.367626', 'There is the 25 text of this post', 'The 25 test post',9,27),
(28,'2020-12-02 15:36:04.367785', '2020-12-02 15:36:04.367791', 'There is the 26 text of this post', 'The 26 test post',16,28),
(29,'2020-12-02 15:36:04.367948', '2020-12-02 15:36:04.367953', 'There is the 27 text of this post', 'The 27 test post',39,29),
(30,'2020-12-02 15:36:04.368137', '2020-12-02 15:36:04.368142', 'There is the 29 text of this post', 'The 29 test post',53,30),
(31,'2020-12-02 15:36:04.368289', '2020-12-02 15:36:04.368294', 'There is the 31 text of this post', 'The 31 test post',60,31),
(32,'2020-12-02 15:36:04.368439', '2020-12-02 15:36:04.368444', 'There is the 30 text of this post', 'The 30 test post',75,32),
(33,'2020-12-02 15:36:04.368596', '2020-12-02 15:36:04.368602', 'There is the 34 text of this post', 'The 34 test post',41,33),
(34,'2020-12-02 15:36:04.368758', '2020-12-02 15:36:04.368764', 'There is the 33 text of this post', 'The 33 test post',62,34),
(35,'2020-12-02 15:36:04.368920', '2020-12-02 15:36:04.368926', 'There is the 32 text of this post', 'The 32 test post',54,35),
(36,'2020-12-02 15:36:04.369133', '2020-12-02 15:36:04.369168', 'There is the 35 text of this post', 'The 35 test post',94,36),
(37,'2020-12-02 15:36:04.369413', '2020-12-02 15:36:04.369418', 'There is the 38 text of this post', 'The 38 test post',9,37),
(38,'2020-12-02 15:36:04.369583', '2020-12-02 15:36:04.369590', 'There is the 36 text of this post', 'The 36 test post',86,38),
(39,'2020-12-02 15:36:04.369736', '2020-12-02 15:36:04.369741', 'There is the 37 text of this post', 'The 37 test post',10,39),
(40,'2020-12-02 15:36:04.369885', '2020-12-02 15:36:04.369890', 'There is the 39 text of this post', 'The 39 test post',39,40),
(41,'2020-12-02 15:36:04.371989', '2020-12-02 15:36:04.372011', 'There is the 40 text of this post', 'The 40 test post',45,41),
(42,'2020-12-02 15:36:04.372293', '2020-12-02 15:36:04.372296', 'There is the 41 text of this post', 'The 41 test post',10,42),
(43,'2020-12-02 15:36:04.372713', '2020-12-02 15:36:04.372718', 'There is the 42 text of this post', 'The 42 test post',80,43),
(44,'2020-12-02 15:36:04.372909', '2020-12-02 15:36:04.372913', 'There is the 44 text of this post', 'The 44 test post',13,44),
(45,'2020-12-02 15:36:04.373071', '2020-12-02 15:36:04.373073', 'There is the 43 text of this post', 'The 43 test post',61,45),
(46,'2020-12-02 15:36:04.373201', '2020-12-02 15:36:04.373203', 'There is the 48 text of this post', 'The 48 test post',91,46),
(47,'2020-12-02 15:36:04.373329', '2020-12-02 15:36:04.373332', 'There is the 47 text of this post', 'The 47 test post',43,47),
(48,'2020-12-02 15:36:04.373457', '2020-12-02 15:36:04.373459', 'There is the 45 text of this post', 'The 45 test post',4,48),
(49,'2020-12-02 15:36:04.373584', '2020-12-02 15:36:04.373586', 'There is the 49 text of this post', 'The 49 test post',71,49),
(50,'2020-12-02 15:36:04.373750', '2020-12-02 15:36:04.373752', 'There is the 46 text of this post', 'The 46 test post',47,50),
(51,'2020-12-02 15:36:04.373921', '2020-12-02 15:36:04.373923', 'There is the 51 text of this post', 'The 51 test post',96,51),
(52,'2020-12-02 15:36:04.374051', '2020-12-02 15:36:04.374053', 'There is the 54 text of this post', 'The 54 test post',70,52),
(53,'2020-12-02 15:36:04.374185', '2020-12-02 15:36:04.374187', 'There is the 52 text of this post', 'The 52 test post',22,53),
(54,'2020-12-02 15:36:04.374307', '2020-12-02 15:36:04.374310', 'There is the 50 text of this post', 'The 50 test post',29,54),
(55,'2020-12-02 15:36:04.374445', '2020-12-02 15:36:04.374447', 'There is the 53 text of this post', 'The 53 test post',73,55),
(56,'2020-12-02 15:36:04.374577', '2020-12-02 15:36:04.374580', 'There is the 58 text of this post', 'The 58 test post',69,56),
(57,'2020-12-02 15:36:04.374699', '2020-12-02 15:36:04.374701', 'There is the 55 text of this post', 'The 55 test post',10,57),
(58,'2020-12-02 15:36:04.374819', '2020-12-02 15:36:04.374821', 'There is the 57 text of this post', 'The 57 test post',65,58),
(59,'2020-12-02 15:36:04.374939', '2020-12-02 15:36:04.374941', 'There is the 59 text of this post', 'The 59 test post',35,59),
(60,'2020-12-02 15:36:04.375060', '2020-12-02 15:36:04.375062', 'There is the 56 text of this post', 'The 56 test post',66,60),
(61,'2020-12-02 15:36:04.377229', '2020-12-02 15:36:04.377234', 'There is the 64 text of this post', 'The 64 test post',49,61),
(62,'2020-12-02 15:36:04.377433', '2020-12-02 15:36:04.377436', 'There is the 63 text of this post', 'The 63 test post',33,62),
(63,'2020-12-02 15:36:04.377553', '2020-12-02 15:36:04.377555', 'There is the 61 text of this post', 'The 61 test post',15,63),
(64,'2020-12-02 15:36:04.377685', '2020-12-02 15:36:04.377688', 'There is the 62 text of this post', 'The 62 test post',18,64),
(65,'2020-12-02 15:36:04.377804', '2020-12-02 15:36:04.377806', 'There is the 60 text of this post', 'The 60 test post',95,65),
(66,'2020-12-02 15:36:04.377921', '2020-12-02 15:36:04.377923', 'There is the 69 text of this post', 'The 69 test post',22,66),
(67,'2020-12-02 15:36:04.378057', '2020-12-02 15:36:04.378059', 'There is the 65 text of this post', 'The 65 test post',7,67),
(68,'2020-12-02 15:36:04.378169', '2020-12-02 15:36:04.378172', 'There is the 68 text of this post', 'The 68 test post',54,68),
(69,'2020-12-02 15:36:04.378281', '2020-12-02 15:36:04.378283', 'There is the 66 text of this post', 'The 66 test post',52,69),
(70,'2020-12-02 15:36:04.378460', '2020-12-02 15:36:04.378463', 'There is the 67 text of this post', 'The 67 test post',7,70),
(71,'2020-12-02 15:36:04.378568', '2020-12-02 15:36:04.378570', 'There is the 71 text of this post', 'The 71 test post',85,71),
(72,'2020-12-02 15:36:04.378672', '2020-12-02 15:36:04.378674', 'There is the 72 text of this post', 'The 72 test post',18,72),
(73,'2020-12-02 15:36:04.378776', '2020-12-02 15:36:04.378778', 'There is the 70 text of this post', 'The 70 test post',3,73),
(74,'2020-12-02 15:36:04.378880', '2020-12-02 15:36:04.378883', 'There is the 73 text of this post', 'The 73 test post',78,74),
(75,'2020-12-02 15:36:04.378985', '2020-12-02 15:36:04.378987', 'There is the 74 text of this post', 'The 74 test post',36,75),
(76,'2020-12-02 15:36:04.379089', '2020-12-02 15:36:04.379091', 'There is the 79 text of this post', 'The 79 test post',91,76),
(77,'2020-12-02 15:36:04.379193', '2020-12-02 15:36:04.379196', 'There is the 76 text of this post', 'The 76 test post',91,77),
(78,'2020-12-02 15:36:04.379329', '2020-12-02 15:36:04.379332', 'There is the 77 text of this post', 'The 77 test post',27,78),
(79,'2020-12-02 15:36:04.379458', '2020-12-02 15:36:04.379460', 'There is the 75 text of this post', 'The 75 test post',46,79),
(80,'2020-12-02 15:36:04.379576', '2020-12-02 15:36:04.379579', 'There is the 78 text of this post', 'The 78 test post',32,80),
(81,'2020-12-02 15:36:04.382211', '2020-12-02 15:36:04.382218', 'There is the 82 text of this post', 'The 82 test post',9,81),
(82,'2020-12-02 15:36:04.382383', '2020-12-02 15:36:04.382385', 'There is the 81 text of this post', 'The 81 test post',4,82),
(83,'2020-12-02 15:36:04.382483', '2020-12-02 15:36:04.382485', 'There is the 83 text of this post', 'The 83 test post',28,83),
(84,'2020-12-02 15:36:04.382595', '2020-12-02 15:36:04.382597', 'There is the 80 text of this post', 'The 80 test post',20,84),
(85,'2020-12-02 15:36:04.382708', '2020-12-02 15:36:04.382711', 'There is the 84 text of this post', 'The 84 test post',90,85),
(86,'2020-12-02 15:36:04.382807', '2020-12-02 15:36:04.382809', 'There is the 85 text of this post', 'The 85 test post',1,86),
(87,'2020-12-02 15:36:04.382904', '2020-12-02 15:36:04.382907', 'There is the 89 text of this post', 'The 89 test post',61,87),
(88,'2020-12-02 15:36:04.383002', '2020-12-02 15:36:04.383004', 'There is the 86 text of this post', 'The 86 test post',60,88),
(89,'2020-12-02 15:36:04.383099', '2020-12-02 15:36:04.383101', 'There is the 87 text of this post', 'The 87 test post',38,89),
(90,'2020-12-02 15:36:04.383196', '2020-12-02 15:36:04.383198', 'There is the 88 text of this post', 'The 88 test post',77,90),
(91,'2020-12-02 15:36:04.383293', '2020-12-02 15:36:04.383295', 'There is the 92 text of this post', 'The 92 test post',81,91),
(92,'2020-12-02 15:36:04.383390', '2020-12-02 15:36:04.383392', 'There is the 93 text of this post', 'The 93 test post',84,92),
(93,'2020-12-02 15:36:04.383504', '2020-12-02 15:36:04.383507', 'There is the 94 text of this post', 'The 94 test post',76,93),
(94,'2020-12-02 15:36:04.383627', '2020-12-02 15:36:04.383630', 'There is the 90 text of this post', 'The 90 test post',80,94),
(95,'2020-12-02 15:36:04.383741', '2020-12-02 15:36:04.383744', 'There is the 91 text of this post', 'The 91 test post',55,95),
(96,'2020-12-02 15:36:04.383853', '2020-12-02 15:36:04.383855', 'There is the 95 text of this post', 'The 95 test post',44,96),
(97,'2020-12-02 15:36:04.383963', '2020-12-02 15:36:04.383966', 'There is the 99 text of this post', 'The 99 test post',35,97),
(98,'2020-12-02 15:36:04.384123', '2020-12-02 15:36:04.384125', 'There is the 96 text of this post', 'The 96 test post',97,98),
(99,'2020-12-02 15:36:04.384241', '2020-12-02 15:36:04.384243', 'There is the 97 text of this post', 'The 97 test post',22,99),
(100,'2020-12-02 15:36:04.384358', '2020-12-02 15:36:04.384361', 'There is the 98 text of this post', 'The 98 test post',6,100);

insert into bookmarks (id, persist_date, post_id, user_id) values
(1,'2020-12-02 15:36:04.693556', 5,1),(2,'2020-12-02 15:36:04.693826', 3,1),(3,'2020-12-02 15:36:04.693910', 2,41),
(4,'2020-12-02 15:36:04.693991', 1,41),(5,'2020-12-02 15:36:04.694080', 4,42),(6,'2020-12-02 15:36:04.694163', 7,42),
(7,'2020-12-02 15:36:04.694239', 3,43),(8,'2020-12-02 15:36:04.694320', 9,43),(9,'2020-12-02 15:36:04.694396', 1,44),
(10,'2020-12-02 15:36:04.694472', 10,44),(11,'2020-12-02 15:36:04.694548', 7,45),(12,'2020-12-02 15:36:04.694628', 6,45),
(13,'2020-12-02 15:36:04.694707', 9,46),(14,'2020-12-02 15:36:04.694786', 8,46),(15,'2020-12-02 15:36:04.694866', 10,47),
(16,'2020-12-02 15:36:04.694945', 15,47),(17,'2020-12-02 15:36:04.695024', 6,48),(18,'2020-12-02 15:36:04.695103', 12,48),
(19,'2020-12-02 15:36:04.695183', 8,49),(20,'2020-12-02 15:36:04.695262', 13,49),(21,'2020-12-02 15:36:04.699269', 15,50),
(22,'2020-12-02 15:36:04.699445', 14,50),(23,'2020-12-02 15:36:04.699559', 12,51),(24,'2020-12-02 15:36:04.699673', 11,51),
(25,'2020-12-02 15:36:04.699783', 13,52),(26,'2020-12-02 15:36:04.699884', 16,52),(27,'2020-12-02 15:36:04.699965', 14,53),
(28,'2020-12-02 15:36:04.700054', 17,53),(29,'2020-12-02 15:36:04.700141', 11,54),(30,'2020-12-02 15:36:04.700222', 20,54),
(31,'2020-12-02 15:36:04.700299', 16,55),(32,'2020-12-02 15:36:04.700376', 19,55),(33,'2020-12-02 15:36:04.700452', 17,56),
(34,'2020-12-02 15:36:04.700526', 18,56),(35,'2020-12-02 15:36:04.700602', 20,57),(36,'2020-12-02 15:36:04.700676', 24,57),
(37,'2020-12-02 15:36:04.700750', 19,58),(38,'2020-12-02 15:36:04.700825', 23,58),(39,'2020-12-02 15:36:04.700900', 18,59),
(40,'2020-12-02 15:36:04.700975', 22,59),(41,'2020-12-02 15:36:04.703484', 24,60),(42,'2020-12-02 15:36:04.703625', 21,60),
(43,'2020-12-02 15:36:04.703696', 23,61),(44,'2020-12-02 15:36:04.703765', 25,61),(45,'2020-12-02 15:36:04.703833', 22,62),
(46,'2020-12-02 15:36:04.703901', 27,62),(47,'2020-12-02 15:36:04.703978', 21,63),(48,'2020-12-02 15:36:04.704086', 28,63),
(49,'2020-12-02 15:36:04.704168', 25,64),(50,'2020-12-02 15:36:04.704246', 29,64),(51,'2020-12-02 15:36:04.704327', 27,65),
(52,'2020-12-02 15:36:04.704409', 26,65),(53,'2020-12-02 15:36:04.704487', 28,66),(54,'2020-12-02 15:36:04.704568', 30,66),
(55,'2020-12-02 15:36:04.704646', 29,67),(56,'2020-12-02 15:36:04.704725', 32,67),(57,'2020-12-02 15:36:04.704803', 26,68),
(58,'2020-12-02 15:36:04.704877', 31,68),(59,'2020-12-02 15:36:04.704956', 30,69),(60,'2020-12-02 15:36:04.705028', 35,69),
(61,'2020-12-02 15:36:04.707953', 32,70),(62,'2020-12-02 15:36:04.708116', 34,70),(63,'2020-12-02 15:36:04.708186', 31,71),
(64,'2020-12-02 15:36:04.708252', 33,71),(65,'2020-12-02 15:36:04.708316', 35,72),(66,'2020-12-02 15:36:04.708380', 36,72),
(67,'2020-12-02 15:36:04.708445', 34,73),(68,'2020-12-02 15:36:04.708508', 38,73),(69,'2020-12-02 15:36:04.708572', 33,74),
(70,'2020-12-02 15:36:04.708636', 39,74),(71,'2020-12-02 15:36:04.708700', 36,75),(72,'2020-12-02 15:36:04.708765', 37,75),
(73,'2020-12-02 15:36:04.708830', 38,76),(74,'2020-12-02 15:36:04.708894', 40,76),(75,'2020-12-02 15:36:04.708958', 39,77),
(76,'2020-12-02 15:36:04.709022', 41,77),(77,'2020-12-02 15:36:04.709086', 37,78),(78,'2020-12-02 15:36:04.709150', 42,78),
(79,'2020-12-02 15:36:04.709214', 40,79),(80,'2020-12-02 15:36:04.709277', 43,79),(81,'2020-12-02 15:36:04.712099', 41,80),
(82,'2020-12-02 15:36:04.712169', 45,80),(83,'2020-12-02 15:36:04.712226', 42,81),(84,'2020-12-02 15:36:04.712290', 44,81),
(85,'2020-12-02 15:36:04.712348', 43,82),(86,'2020-12-02 15:36:04.712405', 48,82),(87,'2020-12-02 15:36:04.712460', 45,83),
(88,'2020-12-02 15:36:04.712516', 50,83),(89,'2020-12-02 15:36:04.712578', 44,84),(90,'2020-12-02 15:36:04.712647', 47,84),
(91,'2020-12-02 15:36:04.712706', 48,85),(92,'2020-12-02 15:36:04.712761', 46,85),(93,'2020-12-02 15:36:04.712817', 50,86),
(94,'2020-12-02 15:36:04.712872', 49,86),(95,'2020-12-02 15:36:04.712927', 47,87),(96,'2020-12-02 15:36:04.712983', 54,87),
(97,'2020-12-02 15:36:04.713039', 46,88),(98,'2020-12-02 15:36:04.713094', 51,88),(99,'2020-12-02 15:36:04.713149', 49,89),
(100,'2020-12-02 15:36:04.713205', 53,89);

insert into reposts (id, post_id, user_id) values
(1, 1, 2),(2, 2, 3),(3, 2, 4),(4, 2, 5),(5, 3, 6),(6, 3, 7),(7, 3, 8),(8, 4, 9),
(9, 4, 10),(10, 4, 11),(11, 6, 12),(12, 7, 12),(13, 8, 12);

insert into user_tabs (id, persist_date, post_id, user_id) values
(1,'2020-12-03 03:22:35.213137', 1,43),(2,'2020-12-03 03:22:35.211897', 2,1),(3,'2020-12-03 03:22:35.213204', 3,44),(4,'2020-12-03 03:22:35.212996', 4,41),
(5,'2020-12-03 03:22:35.213069', 5,42),(6,'2020-12-03 03:22:35.213568', 6,49),(7,'2020-12-03 03:22:35.213408', 7,47),(8,'2020-12-03 03:22:35.213271', 8,45),
(9,'2020-12-03 03:22:35.213339', 9,46),(10,'2020-12-03 03:22:35.213475', 10,48),(11,'2020-12-03 03:22:35.213896', 11,53),(12,'2020-12-03 03:22:35.213724', 12,51),
(13,'2020-12-03 03:22:35.213984', 13,54),(14,'2020-12-03 03:22:35.213651', 14,50),(15,'2020-12-03 03:22:35.213800', 15,52),(16,'2020-12-03 03:22:35.214270', 16,58),
(17,'2020-12-03 03:22:35.214201', 17,57),(18,'2020-12-03 03:22:35.214132', 18,56),(19,'2020-12-03 03:22:35.214055', 19,55),(20,'2020-12-03 03:22:35.214337', 20,59),
(21,'2020-12-03 03:22:35.219312', 21,60),(22,'2020-12-03 03:22:35.219534', 22,62),(23,'2020-12-03 03:22:35.219668', 23,64),(24,'2020-12-03 03:22:35.219602', 24,63),
(25,'2020-12-03 03:22:35.219465', 25,61),(26,'2020-12-03 03:22:35.219734', 26,65),(27,'2020-12-03 03:22:35.219867', 27,67),(28,'2020-12-03 03:22:35.219933', 28,68),
(29,'2020-12-03 03:22:35.219801', 29,66),(30,'2020-12-03 03:22:35.219999', 30,69),(31,'2020-12-03 03:22:35.220114', 31,70),(32,'2020-12-03 03:22:35.220183', 32,71),
(33,'2020-12-03 03:22:35.220351', 33,73),(34,'2020-12-03 03:22:35.220273', 34,72),(35,'2020-12-03 03:22:35.220440', 35,74),(36,'2020-12-03 03:22:35.220574', 36,76),
(37,'2020-12-03 03:22:35.220512', 37,75),(38,'2020-12-03 03:22:35.221488', 38,79),(39,'2020-12-03 03:22:35.220722', 39,78),(40,'2020-12-03 03:22:35.220650', 40,77),
(41,'2020-12-03 03:22:35.225299', 41,81),(42,'2020-12-03 03:22:35.225183', 42,80),(43,'2020-12-03 03:22:35.225371', 43,82),(44,'2020-12-03 03:22:35.225512', 44,84),
(45,'2020-12-03 03:22:35.225442', 45,83),(46,'2020-12-03 03:22:35.225887', 46,89),(47,'2020-12-03 03:22:35.225645', 47,86),(48,'2020-12-03 03:22:35.225799', 48,88),
(49,'2020-12-03 03:22:35.225707', 49,87),(50,'2020-12-03 03:22:35.225583', 50,85),(51,'2020-12-03 03:22:35.226249', 51,100),(52,'2020-12-03 03:22:35.226155', 52,92),
(53,'2020-12-03 03:22:35.226065', 53,91),(54,'2020-12-03 03:22:35.226338', 54,93),(55,'2020-12-03 03:22:35.225974', 55,90),(56,'2020-12-03 03:22:35.226613', 56,96),
(57,'2020-12-03 03:22:35.226917', 57,98),(58,'2020-12-03 03:22:35.226521', 58,95),(59,'2020-12-03 03:22:35.226431', 59,94),(60,'2020-12-03 03:22:35.226828', 60,97),
(61,'2020-12-03 03:22:35.230299', 61,5),(62,'2020-12-03 03:22:35.230112', 62,3),(63,'2020-12-03 03:22:35.229849', 63,99),(64,'2020-12-03 03:22:35.230211', 64,4),
(65,'2020-12-03 03:22:35.230015', 65,2),(66,'2020-12-03 03:22:35.230634', 66,9),(67,'2020-12-03 03:22:35.230702', 67,10),(68,'2020-12-03 03:22:35.230558', 68,8),
(69,'2020-12-03 03:22:35.230388', 69,6),(70,'2020-12-03 03:22:35.230474', 70,7),(71,'2020-12-03 03:22:35.230799', 71,11),(72,'2020-12-03 03:22:35.230868', 72,12),
(73,'2020-12-03 03:22:35.230935', 73,13),(74,'2020-12-03 03:22:35.231070', 74,15),(75,'2020-12-03 03:22:35.231002', 75,14),(76,'2020-12-03 03:22:35.231357', 76,19),
(77,'2020-12-03 03:22:35.231217', 77,17),(78,'2020-12-03 03:22:35.231138', 78,16),(79,'2020-12-03 03:22:35.231297', 79,18),(80,'2020-12-03 03:22:35.231414', 80,20),
(81,'2020-12-03 03:22:35.234218', 81,21),(82,'2020-12-03 03:22:35.234321', 82,22),(83,'2020-12-03 03:22:35.234382', 83,23),(84,'2020-12-03 03:22:35.234443', 84,24),
(85,'2020-12-03 03:22:35.234502', 85,25),(86,'2020-12-03 03:22:35.234742', 86,29),(87,'2020-12-03 03:22:35.234621', 87,27),(88,'2020-12-03 03:22:35.234801', 88,30),
(89,'2020-12-03 03:22:35.234681', 89,28),(90,'2020-12-03 03:22:35.234562', 90,26),(91,'2020-12-03 03:22:35.234870', 91,31),(92,'2020-12-03 03:22:35.235113', 92,35),
(93,'2020-12-03 03:22:35.234931', 93,32),(94,'2020-12-03 03:22:35.235054', 94,34),(95,'2020-12-03 03:22:35.234988', 95,33),(96,'2020-12-03 03:22:35.235227', 96,37),
(97,'2020-12-03 03:22:35.235395', 97,40),(98,'2020-12-03 03:22:35.235339', 98,39),(99,'2020-12-03 03:22:35.235170', 99,36),(100,'2020-12-03 03:22:35.235283', 100,38);

insert into group_category (id, category) values (1, 'Programming'), (2, 'Flowers');

insert into groups (id, address_image_group, description, last_redaction_date, link_site, name, persist_date, group_category_id, owner_id)
values
(1,'This is a address of the group #6','This is a description of the group #6','2020-12-02 15:36:04.350770','www.groupsite6.ru','JAVA IS 6','2020-12-02 15:36:04.350778', 1,62),
(2,'This is a address of the group #2','This is a description of the group #2','2020-12-02 15:36:04.350157','www.groupsite2.ru','JAVA IS 2','2020-12-02 15:36:04.350165', 1,96),
(3,'This is a address of the group #0','This is a description of the group #0','2020-12-02 15:36:04.348614','www.groupsite0.ru','JAVA IS 0','2020-12-02 15:36:04.348644', 1,1),
(4,'This is a address of the group #4','This is a description of the group #4','2020-12-02 15:36:04.350464','www.groupsite4.ru','JAVA IS 4','2020-12-02 15:36:04.350472', 1,7),
(5,'This is a address of the group #10','This is a description of the group #10','2020-12-02 15:36:04.351385','www.groupsite10.ru','JAVA IS 10','2020-12-02 15:36:04.351393', 1,23),
(6,'This is a address of the group #8','This is a description of the group #8','2020-12-02 15:36:04.351079','www.groupsite8.ru','JAVA IS 8','2020-12-02 15:36:04.351087', 1,35),
(7,'This is a address of the group #13','This is a description of the group #13','2020-12-02 15:36:04.351839','www.groupsite13.ru','JAVA IS 13','2020-12-02 15:36:04.351847', 2,13),
(8,'This is a address of the group #17','This is a description of the group #17','2020-12-02 15:36:04.352476','www.groupsite17.ru','JAVA IS 17','2020-12-02 15:36:04.352483', 2,16),
(9,'This is a address of the group #9','This is a description of the group #9','2020-12-02 15:36:04.351232','www.groupsite9.ru','JAVA IS 9','2020-12-02 15:36:04.351240', 2,19),
(10,'This is a address of the group #12','This is a description of the group #12','2020-12-02 15:36:04.351695','www.groupsite12.ru','JAVA IS 12','2020-12-02 15:36:04.351702', 1,26),
(11,'This is a address of the group #14','This is a description of the group #14','2020-12-02 15:36:04.351984','www.groupsite14.ru','JAVA IS 14','2020-12-02 15:36:04.351991', 1,37),
(12,'This is a address of the group #11','This is a description of the group #11','2020-12-02 15:36:04.351539','www.groupsite11.ru','JAVA IS 11','2020-12-02 15:36:04.351547', 2,43),
(13,'This is a address of the group #3','This is a description of the group #3','2020-12-02 15:36:04.350312','www.groupsite3.ru','JAVA IS 3','2020-12-02 15:36:04.350319', 2,50),
(14,'This is a address of the group #15','This is a description of the group #15','2020-12-02 15:36:04.352182','www.groupsite15.ru','JAVA IS 15','2020-12-02 15:36:04.352190', 2,62),
(15,'This is a address of the group #7','This is a description of the group #7','2020-12-02 15:36:04.350923','www.groupsite7.ru','JAVA IS 7','2020-12-02 15:36:04.350931', 2,66),
(16,'This is a address of the group #18','This is a description of the group #18','2020-12-02 15:36:04.352621','www.groupsite18.ru','JAVA IS 18','2020-12-02 15:36:04.352629', 1,70),
(17,'This is a address of the group #19','This is a description of the group #19','2020-12-02 15:36:04.352809','www.groupsite19.ru','JAVA IS 19','2020-12-02 15:36:04.352817', 2,72),
(18,'This is a address of the group #16','This is a description of the group #16','2020-12-02 15:36:04.352330','www.groupsite16.ru','JAVA IS 16','2020-12-02 15:36:04.352337', 1,81),
(19,'This is a address of the group #1','This is a description of the group #1','2020-12-02 15:36:04.349997','www.groupsite1.ru','JAVA IS 1','2020-12-02 15:36:04.350007', 2,82),
(20,'This is a address of the group #5','This is a description of the group #5','2020-12-02 15:36:04.350616','www.groupsite5.ru','JAVA IS 5','2020-12-02 15:36:04.350624', 2,92);

insert into group_has_user (id, persist_date, group_id, user_id) values
(1,'2020-12-02 15:36:04.386717', 2,1),(2,'2020-12-02 15:36:04.386934', 15,41),(3,'2020-12-02 15:36:04.387013', 3,42),
(4,'2020-12-02 15:36:04.387089', 19,43),(5,'2020-12-02 15:36:04.387164', 2,44),(6,'2020-12-02 15:36:04.387239', 13,45),
(7,'2020-12-02 15:36:04.387314', 1,46),(8,'2020-12-02 15:36:04.387389', 1,47),(9,'2020-12-02 15:36:04.387464', 15,48),
(10,'2020-12-02 15:36:04.387538', 13,49),(11,'2020-12-02 15:36:04.387613', 1,50),(12,'2020-12-02 15:36:04.387688', 4,51),
(13,'2020-12-02 15:36:04.387763', 6,52),(14,'2020-12-02 15:36:04.387837', 19,53),(15,'2020-12-02 15:36:04.387913', 15,54),
(16,'2020-12-02 15:36:04.387990', 19,55),(17,'2020-12-02 15:36:04.388095', 20,56),(18,'2020-12-02 15:36:04.388171', 19,57),
(19,'2020-12-02 15:36:04.388303', 1,58),(20,'2020-12-02 15:36:04.388381', 15,59),(21,'2020-12-02 15:36:04.392539', 6,60),
(22,'2020-12-02 15:36:04.392662', 19,61),(23,'2020-12-02 15:36:04.392740', 20,62),(24,'2020-12-02 15:36:04.392817', 13,63),
(25,'2020-12-02 15:36:04.392892', 19,64),(26,'2020-12-02 15:36:04.392968', 1,65),(27,'2020-12-02 15:36:04.393042', 2,66),
(28,'2020-12-02 15:36:04.393117', 1,67),(29,'2020-12-02 15:36:04.393194', 19,68),(30,'2020-12-02 15:36:04.393270', 6,69),
(31,'2020-12-02 15:36:04.393345', 6,70),(32,'2020-12-02 15:36:04.393420', 1,71),(33,'2020-12-02 15:36:04.393494', 1,72),
(34,'2020-12-02 15:36:04.393569', 6,73),(35,'2020-12-02 15:36:04.393648', 15,74),(36,'2020-12-02 15:36:04.393709', 20,75),
(37,'2020-12-02 15:36:04.393771', 1,76),(38,'2020-12-02 15:36:04.393830', 6,77),(39,'2020-12-02 15:36:04.393891', 2,78),
(40,'2020-12-02 15:36:04.393949', 15,79),(41,'2020-12-02 15:36:04.396069', 20,80),(42,'2020-12-02 15:36:04.396173', 3,81),
(43,'2020-12-02 15:36:04.396302', 6,82),(44,'2020-12-02 15:36:04.396404', 9,83),(45,'2020-12-02 15:36:04.396503', 2,84),
(46,'2020-12-02 15:36:04.396597', 15,85),(47,'2020-12-02 15:36:04.396666', 4,86),(48,'2020-12-02 15:36:04.396733', 20,87),
(49,'2020-12-02 15:36:04.396798', 20,88),(50,'2020-12-02 15:36:04.396864', 1,89),(51,'2020-12-02 15:36:04.396934', 20,90),
(52,'2020-12-02 15:36:04.397004', 9,91),(53,'2020-12-02 15:36:04.397075', 9,92),(54,'2020-12-02 15:36:04.397145', 15,100),
(55,'2020-12-02 15:36:04.397215', 2,93),(56,'2020-12-02 15:36:04.397285', 9,94),(57,'2020-12-02 15:36:04.397356', 20,95),
(58,'2020-12-02 15:36:04.397427', 6,96),(59,'2020-12-02 15:36:04.397497', 3,97),(60,'2020-12-02 15:36:04.397567', 20,98),
(61,'2020-12-02 15:36:04.399724', 6,99),(62,'2020-12-02 15:36:04.399812', 9,2),(63,'2020-12-02 15:36:04.399884', 2,3),
(64,'2020-12-02 15:36:04.399954', 15,4),(65,'2020-12-02 15:36:04.400024', 13,5),(66,'2020-12-02 15:36:04.400119', 13,6),
(67,'2020-12-02 15:36:04.400194', 19,7),(68,'2020-12-02 15:36:04.400268', 9,8),(69,'2020-12-02 15:36:04.400351', 19,9),
(70,'2020-12-02 15:36:04.400425', 19,10),(71,'2020-12-02 15:36:04.400499', 15,11),(72,'2020-12-02 15:36:04.400572', 20,12),
(73,'2020-12-02 15:36:04.400646', 2,13),(74,'2020-12-02 15:36:04.400719', 2,14),(75,'2020-12-02 15:36:04.400792', 20,15),
(76,'2020-12-02 15:36:04.400865', 2,16),(77,'2020-12-02 15:36:04.400939', 9,17),(78,'2020-12-02 15:36:04.401012', 4,18),
(79,'2020-12-02 15:36:04.401085', 4,19),(80,'2020-12-02 15:36:04.401159', 13,20),(81,'2020-12-02 15:36:04.403328', 1,21),
(82,'2020-12-02 15:36:04.403416', 3,22),(83,'2020-12-02 15:36:04.403492', 15,23),(84,'2020-12-02 15:36:04.403566', 3,24),
(85,'2020-12-02 15:36:04.403641', 15,25),(86,'2020-12-02 15:36:04.403714', 15,26),(87,'2020-12-02 15:36:04.403787', 4,27),
(88,'2020-12-02 15:36:04.403861', 1,28),(89,'2020-12-02 15:36:04.403935', 20,29),(90,'2020-12-02 15:36:04.404008', 13,30),
(91,'2020-12-02 15:36:04.404102', 2,31),(92,'2020-12-02 15:36:04.404235', 6,32),(93,'2020-12-02 15:36:04.404341', 6,33),
(94,'2020-12-02 15:36:04.404448', 19,34),(95,'2020-12-02 15:36:04.404549', 6,35),(96,'2020-12-02 15:36:04.404639', 3,36),
(97,'2020-12-02 15:36:04.404730', 20,37),(98,'2020-12-02 15:36:04.404820', 15,38),(99,'2020-12-02 15:36:04.404913', 19,39),
(100,'2020-12-02 15:36:04.405000', 1,40);

insert into chats (id, title, image, persist_date) values
(1,'Group chat #0','Chat image #0','2020-12-02 15:36:04.690099'),(2,'Group chat #1','Chat image #1','2020-12-02 15:36:04.690327'),
(3,'Group chat #2','Chat image #2','2020-12-02 15:36:04.690388'),(4,'Group chat #3','Chat image #3','2020-12-02 15:36:04.690444'),
(5,'Group chat #4','Chat image #4','2020-12-02 15:36:04.690500'),(6,'Group chat #5','Chat image #5','2020-12-02 15:36:04.690557'),
(7,'Group chat #6','Chat image #6','2020-12-02 15:36:04.690613'),(8,'Group chat #7','Chat image #7','2020-12-02 15:36:04.690668'),
(9,'Group chat #8','Chat image #8','2020-12-02 15:36:04.690734'),(10,'Group chat #9','Chat image #9','2020-12-02 15:36:04.690793'),
(11,'Group chat #10','Chat image #10','2020-12-02 15:36:04.690849'),(12,'Group chat #11','Chat image #11','2020-12-02 15:36:04.690906'),
(13,'Group chat #12','Chat image #12','2020-12-02 15:36:04.690962'),(14,'Group chat #13','Chat image #13','2020-12-02 15:36:04.691018'),
(15,'Group chat #14','Chat image #14','2020-12-02 15:36:04.691074'),(16,'Group chat #15','Chat image #15','2020-12-02 15:36:04.691130'),
(17,'Group chat #16','Chat image #16','2020-12-02 15:36:04.691187'),(18,'Group chat #17','Chat image #17','2020-12-02 15:36:04.691243'),
(19,'Group chat #18','Chat image #18','2020-12-02 15:36:04.691312'),(20,'Group chat #19','Chat image #19','2020-12-02 15:36:04.691380'),
(21,'Single chat #1','Chat image #20','2020-12-03 03:22:35.237996'),(22,'Single chat #2','Chat image #21','2020-12-03 03:22:35.238236'),
(23,'Single chat #3','Chat image #22','2020-12-03 03:22:35.238313'),(24,'Single chat #4','Chat image #23','2020-12-03 03:22:35.238388'),
(25,'Single chat #5','Chat image #24','2020-12-03 03:22:35.238465'),(26,'Single chat #6','Chat image #25','2020-12-03 03:22:35.238541'),
(27,'Single chat #7','Chat image #26','2020-12-03 03:22:35.238616'),(28,'Single chat #8','Chat image #27','2020-12-03 03:22:35.238690'),
(29,'Single chat #9','Chat image #28','2020-12-03 03:22:35.238764'),(30,'Single chat #10','Chat image #29','2020-12-03 03:22:35.238838'),
(31,'Single chat #11','Chat image #30','2020-12-03 03:22:35.238912'),(32,'Single chat #12','Chat image #31','2020-12-03 03:22:35.238986'),
(33,'Single chat #13','Chat image #32','2020-12-03 03:22:35.239060'),(34,'Single chat #14','Chat image #33','2020-12-03 03:22:35.239136'),
(35,'Single chat #15','Chat image #34','2020-12-03 03:22:35.239210'),(36,'Single chat #16','Chat image #35','2020-12-03 03:22:35.239284'),
(37,'Single chat #17','Chat image #36','2020-12-03 03:22:35.239358'),(38,'Single chat #18','Chat image #37','2020-12-03 03:22:35.239432'),
(39,'Single chat #19','Chat image #38','2020-12-03 03:22:35.239506'),(40,'Single chat #20','Chat image #39','2020-12-03 03:22:35.239579');

insert into group_chats (chat_id) values
(1),(2),(3),(4),(5),(6),(7),(8),(9),(10),(11),(12),(13),(14),(15),(16),(17),(18),(19),(20);

insert into messages (id, is_unread, persist_date, message, last_redaction_date, user_id) values
(1,1,'2020-12-03 03:22:34.573017','Test init message0','2020-12-03 03:22:34.573055', 1),(2,1,'2020-12-03 03:22:34.603555','Test init message61','2020-12-03 03:22:34.603575', 2),
(3,1,'2020-12-03 03:22:34.603893','Test init message62','2020-12-03 03:22:34.603913', 3),(4,1,'2020-12-03 03:22:34.604848','Test init message63','2020-12-03 03:22:34.604871', 4),
(5,1,'2020-12-03 03:22:34.605332','Test init message64','2020-12-03 03:22:34.605348', 5),(6,1,'2020-12-03 03:22:34.605760','Test init message65','2020-12-03 03:22:34.605808', 6),
(7,1,'2020-12-03 03:22:34.606140','Test init message66','2020-12-03 03:22:34.606152', 7),(8,1,'2020-12-03 03:22:34.606381','Test init message67','2020-12-03 03:22:34.606394', 8),
(9,1,'2020-12-03 03:22:34.606640','Test init message68','2020-12-03 03:22:34.606650', 9),(10,1,'2020-12-03 03:22:34.606846','Test init message69','2020-12-03 03:22:34.606856', 10),
(11,1,'2020-12-03 03:22:34.607047','Test init message70','2020-12-03 03:22:34.607057', 11),(12,1,'2020-12-03 03:22:34.607251','Test init message71','2020-12-03 03:22:34.607261', 12),
(13,1,'2020-12-03 03:22:34.607470','Test init message72','2020-12-03 03:22:34.607485', 13),(14,1,'2020-12-03 03:22:34.607763','Test init message73','2020-12-03 03:22:34.607773', 14),
(15,1,'2020-12-03 03:22:34.607970','Test init message74','2020-12-03 03:22:34.607980', 15),(16,1,'2020-12-03 03:22:34.608195','Test init message75','2020-12-03 03:22:34.608205', 16),
(17,1,'2020-12-03 03:22:34.608400','Test init message76','2020-12-03 03:22:34.608410', 17),(18,1,'2020-12-03 03:22:34.608602','Test init message77','2020-12-03 03:22:34.608637', 18),
(19,1,'2020-12-03 03:22:34.608900','Test init message78','2020-12-03 03:22:34.608914', 19),(20,1,'2020-12-03 03:22:34.609182','Test init message79','2020-12-03 03:22:34.609199', 20),
(21,1,'2020-12-03 03:22:34.612240','Test init message80','2020-12-03 03:22:34.612270', 21),(22,1,'2020-12-03 03:22:34.612654','Test init message81','2020-12-03 03:22:34.612669', 22),
(23,1,'2020-12-03 03:22:34.612945','Test init message82','2020-12-03 03:22:34.612959', 23),(24,1,'2020-12-03 03:22:34.613219','Test init message83','2020-12-03 03:22:34.613233', 24),
(25,1,'2020-12-03 03:22:34.613528','Test init message84','2020-12-03 03:22:34.613543', 25),(26,1,'2020-12-03 03:22:34.613824','Test init message85','2020-12-03 03:22:34.613839', 26),
(27,1,'2020-12-03 03:22:34.614109','Test init message86','2020-12-03 03:22:34.614124', 27),(28,1,'2020-12-03 03:22:34.614415','Test init message87','2020-12-03 03:22:34.614431', 28),
(29,1,'2020-12-03 03:22:34.614715','Test init message88','2020-12-03 03:22:34.614730', 29),(30,1,'2020-12-03 03:22:34.615004','Test init message89','2020-12-03 03:22:34.615019', 30),
(31,1,'2020-12-03 03:22:34.615361','Test init message90','2020-12-03 03:22:34.615386', 31),(32,1,'2020-12-03 03:22:34.615720','Test init message91','2020-12-03 03:22:34.615741', 32),
(33,1,'2020-12-03 03:22:34.616091','Test init message92','2020-12-03 03:22:34.616108', 33),(34,1,'2020-12-03 03:22:34.616413','Test init message93','2020-12-03 03:22:34.616430', 34),
(35,1,'2020-12-03 03:22:34.616809','Test init message94','2020-12-03 03:22:34.616827', 35),(36,1,'2020-12-03 03:22:34.617197','Test init message95','2020-12-03 03:22:34.617214', 36),
(37,1,'2020-12-03 03:22:34.617497','Test init message96','2020-12-03 03:22:34.617514', 37),(38,1,'2020-12-03 03:22:34.617799','Test init message97','2020-12-03 03:22:34.617815', 38),
(39,1,'2020-12-03 03:22:34.618103','Test init message98','2020-12-03 03:22:34.618119', 39),(40,1,'2020-12-03 03:22:34.618407','Test init message99','2020-12-03 03:22:34.618423', 40),
(41,1,'2020-12-03 03:22:34.573734','Test init message1','2020-12-03 03:22:34.573748', 41),(42,1,'2020-12-03 03:22:34.573989','Test init message2','2020-12-03 03:22:34.574002', 42),
(43,1,'2020-12-03 03:22:34.574218','Test init message3','2020-12-03 03:22:34.574241', 43),(44,1,'2020-12-03 03:22:34.574459','Test init message4','2020-12-03 03:22:34.574471', 44),
(45,1,'2020-12-03 03:22:34.574683','Test init message5','2020-12-03 03:22:34.574695', 45),(46,1,'2020-12-03 03:22:34.574916','Test init message6','2020-12-03 03:22:34.574928', 46),
(47,1,'2020-12-03 03:22:34.575168','Test init message7','2020-12-03 03:22:34.575180', 47),(48,1,'2020-12-03 03:22:34.575394','Test init message8','2020-12-03 03:22:34.575405', 48),
(49,1,'2020-12-03 03:22:34.575635','Test init message9','2020-12-03 03:22:34.575647', 49),(50,1,'2020-12-03 03:22:34.575879','Test init message10','2020-12-03 03:22:34.575891', 50),
(51,1,'2020-12-03 03:22:34.576176','Test init message11','2020-12-03 03:22:34.576188', 51),(52,1,'2020-12-03 03:22:34.576438','Test init message12','2020-12-03 03:22:34.576451', 52),
(53,1,'2020-12-03 03:22:34.576684','Test init message13','2020-12-03 03:22:34.576697', 53),(54,1,'2020-12-03 03:22:34.576923','Test init message14','2020-12-03 03:22:34.576935', 54),
(55,1,'2020-12-03 03:22:34.577204','Test init message15','2020-12-03 03:22:34.577217', 55),(56,1,'2020-12-03 03:22:34.577456','Test init message16','2020-12-03 03:22:34.577469', 56),
(57,1,'2020-12-03 03:22:34.577717','Test init message17','2020-12-03 03:22:34.577736', 57),(58,1,'2020-12-03 03:22:34.578037','Test init message18','2020-12-03 03:22:34.578050', 58),
(59,1,'2020-12-03 03:22:34.578312','Test init message19','2020-12-03 03:22:34.578324', 59),(60,1,'2020-12-03 03:22:34.582441','Test init message20','2020-12-03 03:22:34.582477', 60),
(61,1,'2020-12-03 03:22:34.582954','Test init message21','2020-12-03 03:22:34.582967', 61),(62,1,'2020-12-03 03:22:34.583270','Test init message22','2020-12-03 03:22:34.583288', 62),
(63,1,'2020-12-03 03:22:34.583681','Test init message23','2020-12-03 03:22:34.583700', 63),(64,1,'2020-12-03 03:22:34.584456','Test init message24','2020-12-03 03:22:34.584482', 64),
(65,1,'2020-12-03 03:22:34.584959','Test init message25','2020-12-03 03:22:34.584979', 65),(66,1,'2020-12-03 03:22:34.585434','Test init message26','2020-12-03 03:22:34.585459', 66),
(67,1,'2020-12-03 03:22:34.585910','Test init message27','2020-12-03 03:22:34.585938', 67),(68,1,'2020-12-03 03:22:34.586303','Test init message28','2020-12-03 03:22:34.586321', 68),
(69,1,'2020-12-03 03:22:34.586660','Test init message29','2020-12-03 03:22:34.586677', 69),(70,1,'2020-12-03 03:22:34.586985','Test init message30','2020-12-03 03:22:34.587004', 70),
(71,1,'2020-12-03 03:22:34.587350','Test init message31','2020-12-03 03:22:34.587369', 71),(72,1,'2020-12-03 03:22:34.587684','Test init message32','2020-12-03 03:22:34.587703', 72),
(73,1,'2020-12-03 03:22:34.588095','Test init message33','2020-12-03 03:22:34.588114', 73),(74,1,'2020-12-03 03:22:34.588433','Test init message34','2020-12-03 03:22:34.588451', 74),
(75,1,'2020-12-03 03:22:34.588762','Test init message35','2020-12-03 03:22:34.588781', 75),(76,1,'2020-12-03 03:22:34.589074','Test init message36','2020-12-03 03:22:34.589106', 76),
(77,1,'2020-12-03 03:22:34.589452','Test init message37','2020-12-03 03:22:34.589470', 77),(78,1,'2020-12-03 03:22:34.589780','Test init message38','2020-12-03 03:22:34.589797', 78),
(79,1,'2020-12-03 03:22:34.590143','Test init message39','2020-12-03 03:22:34.590163', 79),(80,1,'2020-12-03 03:22:34.593256','Test init message40','2020-12-03 03:22:34.593277', 80),
(81,1,'2020-12-03 03:22:34.593569','Test init message41','2020-12-03 03:22:34.593581', 81),(82,1,'2020-12-03 03:22:34.593909','Test init message42','2020-12-03 03:22:34.593926', 82),
(83,1,'2020-12-03 03:22:34.594281','Test init message43','2020-12-03 03:22:34.594300', 83),(84,1,'2020-12-03 03:22:34.594608','Test init message44','2020-12-03 03:22:34.594626', 84),
(85,1,'2020-12-03 03:22:34.594933','Test init message45','2020-12-03 03:22:34.594951', 85),(86,1,'2020-12-03 03:22:34.595333','Test init message46','2020-12-03 03:22:34.595352', 86),
(87,1,'2020-12-03 03:22:34.595656','Test init message47','2020-12-03 03:22:34.595674', 87),(88,1,'2020-12-03 03:22:34.595983','Test init message48','2020-12-03 03:22:34.596001', 88),
(89,1,'2020-12-03 03:22:34.596377','Test init message49','2020-12-03 03:22:34.596395', 89),(90,1,'2020-12-03 03:22:34.596751','Test init message50','2020-12-03 03:22:34.596786', 90),
(91,1,'2020-12-03 03:22:34.597121','Test init message51','2020-12-03 03:22:34.597140', 91),(92,1,'2020-12-03 03:22:34.597489','Test init message52','2020-12-03 03:22:34.597508', 92),
(93,1,'2020-12-03 03:22:34.598145','Test init message54','2020-12-03 03:22:34.598163', 93),(94,1,'2020-12-03 03:22:34.598463','Test init message55','2020-12-03 03:22:34.598480', 94),
(95,1,'2020-12-03 03:22:34.598784','Test init message56','2020-12-03 03:22:34.598802', 95),(96,1,'2020-12-03 03:22:34.599102','Test init message57','2020-12-03 03:22:34.599119', 96),
(97,1,'2020-12-03 03:22:34.599404','Test init message58','2020-12-03 03:22:34.599422', 97),(98,1,'2020-12-03 03:22:34.599852','Test init message59','2020-12-03 03:22:34.599872', 98),
(99,1,'2020-12-03 03:22:34.602882','Test init message60','2020-12-03 03:22:34.602943', 99),(100,1,'2020-12-03 03:22:34.597826','Test init message53','2020-12-03 03:22:34.597848', 100);

insert into single_chat (chat_id, user_one_id, user_two_id, deleted_for_user_one, deleted_for_user_two) values
(21,1,90,'false','false'),(22,41,91,'false','false'),(23,42,92,'false','false'),
(24,43,100,'false','false'),(25,44,93,'false','false'),(26,45,94,'false','false'),
(27,46,95,'false','false'),(28,47,96,'false','false'),(29,48,97,'false','false'),
(30,49,98,'false','false'),(31,50,99,'false','false'),(32,51,2,'false','false'),
(33,52,3,'false','false'),(34,53,4,'false','false'),(35,54,5,'false','false'),
(36,55,6,'false','false'),(37,56,7,'false','false'),(38,57,8,'false','false'),
(39,58,9,'false','false'),(40,59,10,'false','false');

insert into comments (id, comment, comment_type, persist_date, last_redaction_date, user_id)
values
(1,'Test comment POST 0',1,'2020-12-02 15:36:04.407622','2020-12-02 15:36:04.407629', 83),
(2,'Test comment POST 1',1,'2020-12-02 15:36:04.408022','2020-12-02 15:36:04.408025', 27),
(3,'Test comment POST 2',1,'2020-12-02 15:36:04.408186','2020-12-02 15:36:04.408188', 44),
(4,'Test comment POST 3',1,'2020-12-02 15:36:04.408325','2020-12-02 15:36:04.408328', 74),
(5,'Test comment POST 4',1,'2020-12-02 15:36:04.408463','2020-12-02 15:36:04.408465', 74),
(6,'Test comment POST 5',1,'2020-12-02 15:36:04.408600','2020-12-02 15:36:04.408603', 49),
(7,'Test comment POST 6',1,'2020-12-02 15:36:04.408738','2020-12-02 15:36:04.408741', 70),
(8,'Test comment POST 7',1,'2020-12-02 15:36:04.408875','2020-12-02 15:36:04.408878', 43),
(9,'Test comment POST 8',1,'2020-12-02 15:36:04.409013','2020-12-02 15:36:04.409015', 4),
(10,'Test comment POST 9',1,'2020-12-02 15:36:04.409150','2020-12-02 15:36:04.409153', 32),
(11,'Test comment POST 10',1,'2020-12-02 15:36:04.409289','2020-12-02 15:36:04.409291', 10),
(12,'Test comment POST 11',1,'2020-12-02 15:36:04.409427','2020-12-02 15:36:04.409429', 29),
(13,'Test comment POST 12',1,'2020-12-02 15:36:04.409565','2020-12-02 15:36:04.409567', 66),
(14,'Test comment POST 13',1,'2020-12-02 15:36:04.409704','2020-12-02 15:36:04.409706', 30),
(15,'Test comment POST 14',1,'2020-12-02 15:36:04.409843','2020-12-02 15:36:04.409845', 98),
(16,'Test comment POST 15',1,'2020-12-02 15:36:04.409982','2020-12-02 15:36:04.409985', 29),
(17,'Test comment POST 16',1,'2020-12-02 15:36:04.410120','2020-12-02 15:36:04.410122', 92),
(18,'Test comment POST 17',1,'2020-12-02 15:36:04.410259','2020-12-02 15:36:04.410261', 48),
(19,'Test comment POST 18',1,'2020-12-02 15:36:04.410397','2020-12-02 15:36:04.410399', 83),
(20,'Test comment POST 19',1,'2020-12-02 15:36:04.410534','2020-12-02 15:36:04.410537', 21),
(21,'Test comment POST 20',1,'2020-12-02 15:36:04.414252','2020-12-02 15:36:04.414259', 53),
(22,'Test comment POST 21',1,'2020-12-02 15:36:04.414459','2020-12-02 15:36:04.414461', 41),
(23,'Test comment POST 22',1,'2020-12-02 15:36:04.414592','2020-12-02 15:36:04.414595', 14),
(24,'Test comment POST 23',1,'2020-12-02 15:36:04.414725','2020-12-02 15:36:04.414727', 54),
(25,'Test comment POST 24',1,'2020-12-02 15:36:04.414856','2020-12-02 15:36:04.414859', 66),
(26,'Test comment POST 25',1,'2020-12-02 15:36:04.414988','2020-12-02 15:36:04.414990', 22),
(27,'Test comment POST 26',1,'2020-12-02 15:36:04.415120','2020-12-02 15:36:04.415123', 82),
(28,'Test comment POST 27',1,'2020-12-02 15:36:04.415255','2020-12-02 15:36:04.415258', 56),
(29,'Test comment POST 28',1,'2020-12-02 15:36:04.415387','2020-12-02 15:36:04.415389', 29),
(30,'Test comment POST 29',1,'2020-12-02 15:36:04.415519','2020-12-02 15:36:04.415521', 22),
(31,'Test comment POST 30',1,'2020-12-02 15:36:04.415650','2020-12-02 15:36:04.415653', 55),
(32,'Test comment POST 31',1,'2020-12-02 15:36:04.415784','2020-12-02 15:36:04.415787', 99),
(33,'Test comment POST 32',1,'2020-12-02 15:36:04.415916','2020-12-02 15:36:04.415918', 54),
(34,'Test comment POST 33',1,'2020-12-02 15:36:04.416095','2020-12-02 15:36:04.416098', 100),
(35,'Test comment POST 34',1,'2020-12-02 15:36:04.416243','2020-12-02 15:36:04.416246', 62),
(36,'Test comment POST 35',1,'2020-12-02 15:36:04.416375','2020-12-02 15:36:04.416377', 22),
(37,'Test comment POST 36',1,'2020-12-02 15:36:04.416508','2020-12-02 15:36:04.416510', 10),
(38,'Test comment POST 37',1,'2020-12-02 15:36:04.416643','2020-12-02 15:36:04.416646', 24),
(39,'Test comment POST 38',1,'2020-12-02 15:36:04.416776','2020-12-02 15:36:04.416779', 76),
(40,'Test comment POST 39',1,'2020-12-02 15:36:04.416908','2020-12-02 15:36:04.416911', 6),
(41,'Test comment POST 40',1,'2020-12-02 15:36:04.419024','2020-12-02 15:36:04.419028', 58),
(42,'Test comment POST 41',1,'2020-12-02 15:36:04.419192','2020-12-02 15:36:04.419195', 18),
(43,'Test comment POST 42',1,'2020-12-02 15:36:04.419325','2020-12-02 15:36:04.419328', 96),
(44,'Test comment POST 43',1,'2020-12-02 15:36:04.419459','2020-12-02 15:36:04.419462', 72),
(45,'Test comment POST 44',1,'2020-12-02 15:36:04.419591','2020-12-02 15:36:04.419594', 80),
(46,'Test comment POST 45',1,'2020-12-02 15:36:04.419745','2020-12-02 15:36:04.419748', 84),
(47,'Test comment POST 46',1,'2020-12-02 15:36:04.419877','2020-12-02 15:36:04.419879', 5),
(48,'Test comment POST 47',1,'2020-12-02 15:36:04.420008','2020-12-02 15:36:04.420011', 30),
(49,'Test comment POST 48',1,'2020-12-02 15:36:04.420166','2020-12-02 15:36:04.420169', 2),
(50,'Test comment POST 49',1,'2020-12-02 15:36:04.420511','2020-12-02 15:36:04.420551', 3),
(51,'Test comment POST 50',1,'2020-12-02 15:36:04.420686','2020-12-02 15:36:04.420688', 56),
(52,'Test comment POST 51',1,'2020-12-02 15:36:04.420820','2020-12-02 15:36:04.420822', 80),
(53,'Test comment POST 52',1,'2020-12-02 15:36:04.420952','2020-12-02 15:36:04.420954', 60),
(54,'Test comment POST 53',1,'2020-12-02 15:36:04.421084','2020-12-02 15:36:04.421086', 71),
(55,'Test comment POST 54',1,'2020-12-02 15:36:04.421217','2020-12-02 15:36:04.421219', 46),
(56,'Test comment POST 55',1,'2020-12-02 15:36:04.421348','2020-12-02 15:36:04.421351', 100),
(57,'Test comment POST 56',1,'2020-12-02 15:36:04.421532','2020-12-02 15:36:04.421535', 14),
(58,'Test comment POST 57',1,'2020-12-02 15:36:04.421683','2020-12-02 15:36:04.421685', 65),
(59,'Test comment POST 58',1,'2020-12-02 15:36:04.421816','2020-12-02 15:36:04.421819', 40),
(60,'Test comment POST 59',1,'2020-12-02 15:36:04.421948','2020-12-02 15:36:04.421951', 86),
(61,'Test comment POST 60',1,'2020-12-02 15:36:04.424195','2020-12-02 15:36:04.424200', 27),
(62,'Test comment POST 61',1,'2020-12-02 15:36:04.424398','2020-12-02 15:36:04.424400', 48),
(63,'Test comment POST 62',1,'2020-12-02 15:36:04.424506','2020-12-02 15:36:04.424508', 64),
(64,'Test comment POST 63',1,'2020-12-02 15:36:04.424614','2020-12-02 15:36:04.424616', 63),
(65,'Test comment POST 64',1,'2020-12-02 15:36:04.424720','2020-12-02 15:36:04.424722', 20),
(66,'Test comment POST 65',1,'2020-12-02 15:36:04.424827','2020-12-02 15:36:04.424829', 23),
(67,'Test comment POST 66',1,'2020-12-02 15:36:04.424933','2020-12-02 15:36:04.424935', 12),
(68,'Test comment POST 67',1,'2020-12-02 15:36:04.425039','2020-12-02 15:36:04.425041', 21),
(69,'Test comment POST 68',1,'2020-12-02 15:36:04.425149','2020-12-02 15:36:04.425151', 64),
(70,'Test comment POST 69',1,'2020-12-02 15:36:04.425255','2020-12-02 15:36:04.425257', 10),
(71,'Test comment POST 70',1,'2020-12-02 15:36:04.425361','2020-12-02 15:36:04.425363', 83),
(72,'Test comment POST 71',1,'2020-12-02 15:36:04.425467','2020-12-02 15:36:04.425469', 10),
(73,'Test comment POST 72',1,'2020-12-02 15:36:04.425576','2020-12-02 15:36:04.425579', 53),
(74,'Test comment POST 73',1,'2020-12-02 15:36:04.425693','2020-12-02 15:36:04.425696', 87),
(75,'Test comment POST 74',1,'2020-12-02 15:36:04.425800','2020-12-02 15:36:04.425802', 91),
(76,'Test comment POST 75',1,'2020-12-02 15:36:04.425907','2020-12-02 15:36:04.425909', 19),
(77,'Test comment POST 76',1,'2020-12-02 15:36:04.426014','2020-12-02 15:36:04.426016', 74),
(78,'Test comment POST 77',1,'2020-12-02 15:36:04.426120','2020-12-02 15:36:04.426122', 43),
(79,'Test comment POST 78',1,'2020-12-02 15:36:04.426226','2020-12-02 15:36:04.426228', 79),
(80,'Test comment POST 79',1,'2020-12-02 15:36:04.426331','2020-12-02 15:36:04.426333', 9),
(81,'Test comment POST 80',1,'2020-12-02 15:36:04.428114','2020-12-02 15:36:04.428118', 76),
(82,'Test comment POST 81',1,'2020-12-02 15:36:04.428300','2020-12-02 15:36:04.428303', 6),
(83,'Test comment POST 82',1,'2020-12-02 15:36:04.428430','2020-12-02 15:36:04.428433', 48),
(84,'Test comment POST 83',1,'2020-12-02 15:36:04.428627','2020-12-02 15:36:04.428629', 16),
(85,'Test comment POST 84',1,'2020-12-02 15:36:04.428722','2020-12-02 15:36:04.428724', 3),
(86,'Test comment POST 85',1,'2020-12-02 15:36:04.428813','2020-12-02 15:36:04.428815', 63),
(87,'Test comment POST 86',1,'2020-12-02 15:36:04.428904','2020-12-02 15:36:04.428906', 87),
(88,'Test comment POST 87',1,'2020-12-02 15:36:04.428994','2020-12-02 15:36:04.428996', 24),
(89,'Test comment POST 88',1,'2020-12-02 15:36:04.429085','2020-12-02 15:36:04.429087', 28),
(90,'Test comment POST 89',1,'2020-12-02 15:36:04.429175','2020-12-02 15:36:04.429177', 95),
(91,'Test comment POST 90',1,'2020-12-02 15:36:04.429265','2020-12-02 15:36:04.429267', 45),
(92,'Test comment POST 91',1,'2020-12-02 15:36:04.429371','2020-12-02 15:36:04.429374', 36),
(93,'Test comment POST 92',1,'2020-12-02 15:36:04.429474','2020-12-02 15:36:04.429476', 30),
(94,'Test comment POST 93',1,'2020-12-02 15:36:04.429565','2020-12-02 15:36:04.429567', 65),
(95,'Test comment POST 94',1,'2020-12-02 15:36:04.429662','2020-12-02 15:36:04.429664', 95),
(96,'Test comment POST 95',1,'2020-12-02 15:36:04.429755','2020-12-02 15:36:04.429757', 27),
(97,'Test comment POST 96',1,'2020-12-02 15:36:04.429845','2020-12-02 15:36:04.429847', 69),
(98,'Test comment POST 97',1,'2020-12-02 15:36:04.429935','2020-12-02 15:36:04.429938', 37),
(99,'Test comment POST 98',1,'2020-12-02 15:36:04.430026','2020-12-02 15:36:04.430028', 90),
(100,'Test comment POST 99',1,'2020-12-02 15:36:04.430116','2020-12-02 15:36:04.430118', 45),
(101,'Test comment MEDIA 0',0,'2020-12-02 15:36:04.432221','2020-12-02 15:36:04.432227', 36),
(102,'Test comment MEDIA 1',0,'2020-12-02 15:36:04.432385','2020-12-02 15:36:04.432387', 79),
(103,'Test comment MEDIA 2',0,'2020-12-02 15:36:04.432476','2020-12-02 15:36:04.432478', 22),
(104,'Test comment MEDIA 3',0,'2020-12-02 15:36:04.432565','2020-12-02 15:36:04.432568', 68),
(105,'Test comment MEDIA 4',0,'2020-12-02 15:36:04.432654','2020-12-02 15:36:04.432656', 74),
(106,'Test comment MEDIA 5',0,'2020-12-02 15:36:04.432744','2020-12-02 15:36:04.432747', 89),
(107,'Test comment MEDIA 6',0,'2020-12-02 15:36:04.432864','2020-12-02 15:36:04.432866', 35),
(108,'Test comment MEDIA 7',0,'2020-12-02 15:36:04.432959','2020-12-02 15:36:04.432961', 5),
(109,'Test comment MEDIA 8',0,'2020-12-02 15:36:04.433049','2020-12-02 15:36:04.433051', 14),
(110,'Test comment MEDIA 9',0,'2020-12-02 15:36:04.433138','2020-12-02 15:36:04.433140', 21),
(111,'Test comment MEDIA 10',0,'2020-12-02 15:36:04.433227','2020-12-02 15:36:04.433229', 89),
(112,'Test comment MEDIA 11',0,'2020-12-02 15:36:04.433315','2020-12-02 15:36:04.433317', 26),
(113,'Test comment MEDIA 12',0,'2020-12-02 15:36:04.433404','2020-12-02 15:36:04.433406', 31),
(114,'Test comment MEDIA 13',0,'2020-12-02 15:36:04.433502','2020-12-02 15:36:04.433504', 79),
(115,'Test comment MEDIA 14',0,'2020-12-02 15:36:04.433590','2020-12-02 15:36:04.433592', 57),
(116,'Test comment MEDIA 15',0,'2020-12-02 15:36:04.433696','2020-12-02 15:36:04.433698', 63),
(117,'Test comment MEDIA 16',0,'2020-12-02 15:36:04.433786','2020-12-02 15:36:04.433788', 83),
(118,'Test comment MEDIA 17',0,'2020-12-02 15:36:04.433875','2020-12-02 15:36:04.433877', 80),
(119,'Test comment MEDIA 18',0,'2020-12-02 15:36:04.433964','2020-12-02 15:36:04.433966', 19),
(120,'Test comment MEDIA 19',0,'2020-12-02 15:36:04.434053','2020-12-02 15:36:04.434055', 72),
(121,'Test comment MEDIA 20',0,'2020-12-02 15:36:04.435970','2020-12-02 15:36:04.435976', 60),
(122,'Test comment MEDIA 21',0,'2020-12-02 15:36:04.436218','2020-12-02 15:36:04.436221', 9),
(123,'Test comment MEDIA 22',0,'2020-12-02 15:36:04.436325','2020-12-02 15:36:04.436327', 58),
(124,'Test comment MEDIA 23',0,'2020-12-02 15:36:04.436430','2020-12-02 15:36:04.436433', 69),
(125,'Test comment MEDIA 24',0,'2020-12-02 15:36:04.436542','2020-12-02 15:36:04.436544', 62),
(126,'Test comment MEDIA 25',0,'2020-12-02 15:36:04.436645','2020-12-02 15:36:04.436647', 71),
(127,'Test comment MEDIA 26',0,'2020-12-02 15:36:04.436746','2020-12-02 15:36:04.436748', 23),
(128,'Test comment MEDIA 27',0,'2020-12-02 15:36:04.436846','2020-12-02 15:36:04.436848', 17),
(129,'Test comment MEDIA 28',0,'2020-12-02 15:36:04.436953','2020-12-02 15:36:04.436955', 2),
(130,'Test comment MEDIA 29',0,'2020-12-02 15:36:04.437055','2020-12-02 15:36:04.437057', 8),
(131,'Test comment MEDIA 30',0,'2020-12-02 15:36:04.437154','2020-12-02 15:36:04.437156', 55),
(132,'Test comment MEDIA 31',0,'2020-12-02 15:36:04.437254','2020-12-02 15:36:04.437256', 10),
(133,'Test comment MEDIA 32',0,'2020-12-02 15:36:04.437353','2020-12-02 15:36:04.437355', 54),
(134,'Test comment MEDIA 33',0,'2020-12-02 15:36:04.437452','2020-12-02 15:36:04.437453', 95),
(135,'Test comment MEDIA 34',0,'2020-12-02 15:36:04.437551','2020-12-02 15:36:04.437553', 49),
(136,'Test comment MEDIA 35',0,'2020-12-02 15:36:04.437649','2020-12-02 15:36:04.437652', 54),
(137,'Test comment MEDIA 36',0,'2020-12-02 15:36:04.437748','2020-12-02 15:36:04.437750', 79),
(138,'Test comment MEDIA 37',0,'2020-12-02 15:36:04.437847','2020-12-02 15:36:04.437849', 6),
(139,'Test comment MEDIA 38',0,'2020-12-02 15:36:04.437948','2020-12-02 15:36:04.437950', 63),
(140,'Test comment MEDIA 39',0,'2020-12-02 15:36:04.438047','2020-12-02 15:36:04.438049', 46),
(141,'Test comment MEDIA 40',0,'2020-12-02 15:36:04.439831','2020-12-02 15:36:04.439836', 15),
(142,'Test comment MEDIA 41',0,'2020-12-02 15:36:04.440010','2020-12-02 15:36:04.440012', 68),
(143,'Test comment MEDIA 42',0,'2020-12-02 15:36:04.440145','2020-12-02 15:36:04.440147', 80),
(144,'Test comment MEDIA 43',0,'2020-12-02 15:36:04.440256','2020-12-02 15:36:04.440259', 97),
(145,'Test comment MEDIA 44',0,'2020-12-02 15:36:04.440353','2020-12-02 15:36:04.440355', 99),
(146,'Test comment MEDIA 45',0,'2020-12-02 15:36:04.440447','2020-12-02 15:36:04.440449', 64),
(147,'Test comment MEDIA 46',0,'2020-12-02 15:36:04.440541','2020-12-02 15:36:04.440544', 41),
(148,'Test comment MEDIA 47',0,'2020-12-02 15:36:04.440636','2020-12-02 15:36:04.440638', 63),
(149,'Test comment MEDIA 48',0,'2020-12-02 15:36:04.440735','2020-12-02 15:36:04.440737', 92),
(150,'Test comment MEDIA 49',0,'2020-12-02 15:36:04.440836','2020-12-02 15:36:04.440838', 72),
(151,'Test comment MEDIA 50',0,'2020-12-02 15:36:04.440931','2020-12-02 15:36:04.440933', 37),
(152,'Test comment MEDIA 51',0,'2020-12-02 15:36:04.441025','2020-12-02 15:36:04.441027', 59),
(153,'Test comment MEDIA 52',0,'2020-12-02 15:36:04.441121','2020-12-02 15:36:04.441123', 67),
(154,'Test comment MEDIA 53',0,'2020-12-02 15:36:04.441215','2020-12-02 15:36:04.441217', 84),
(155,'Test comment MEDIA 54',0,'2020-12-02 15:36:04.441309','2020-12-02 15:36:04.441311', 72),
(156,'Test comment MEDIA 55',0,'2020-12-02 15:36:04.441403','2020-12-02 15:36:04.441405', 95),
(157,'Test comment MEDIA 56',0,'2020-12-02 15:36:04.441497','2020-12-02 15:36:04.441499', 28),
(158,'Test comment MEDIA 57',0,'2020-12-02 15:36:04.441591','2020-12-02 15:36:04.441593', 29),
(159,'Test comment MEDIA 58',0,'2020-12-02 15:36:04.441684','2020-12-02 15:36:04.441686', 35),
(160,'Test comment MEDIA 59',0,'2020-12-02 15:36:04.441777','2020-12-02 15:36:04.441779', 43),
(161,'Test comment MEDIA 60',0,'2020-12-02 15:36:04.443518','2020-12-02 15:36:04.443521', 61),
(162,'Test comment MEDIA 61',0,'2020-12-02 15:36:04.443640','2020-12-02 15:36:04.443643', 31),
(163,'Test comment MEDIA 62',0,'2020-12-02 15:36:04.443736','2020-12-02 15:36:04.443738', 13),
(164,'Test comment MEDIA 63',0,'2020-12-02 15:36:04.443830','2020-12-02 15:36:04.443833', 7),
(165,'Test comment MEDIA 64',0,'2020-12-02 15:36:04.443924','2020-12-02 15:36:04.443927', 26),
(166,'Test comment MEDIA 65',0,'2020-12-02 15:36:04.444019','2020-12-02 15:36:04.444021', 98),
(167,'Test comment MEDIA 66',0,'2020-12-02 15:36:04.444134','2020-12-02 15:36:04.444137', 53),
(168,'Test comment MEDIA 67',0,'2020-12-02 15:36:04.444272','2020-12-02 15:36:04.444274', 98),
(169,'Test comment MEDIA 68',0,'2020-12-02 15:36:04.444379','2020-12-02 15:36:04.444382', 35),
(170,'Test comment MEDIA 69',0,'2020-12-02 15:36:04.444492','2020-12-02 15:36:04.444495', 40),
(171,'Test comment MEDIA 70',0,'2020-12-02 15:36:04.444595','2020-12-02 15:36:04.444597', 74),
(172,'Test comment MEDIA 71',0,'2020-12-02 15:36:04.444679','2020-12-02 15:36:04.444681', 25),
(173,'Test comment MEDIA 72',0,'2020-12-02 15:36:04.444761','2020-12-02 15:36:04.444763', 86),
(174,'Test comment MEDIA 73',0,'2020-12-02 15:36:04.444843','2020-12-02 15:36:04.444845', 98),
(175,'Test comment MEDIA 74',0,'2020-12-02 15:36:04.444923','2020-12-02 15:36:04.444925', 43),
(176,'Test comment MEDIA 75',0,'2020-12-02 15:36:04.445005','2020-12-02 15:36:04.445007', 88),
(177,'Test comment MEDIA 76',0,'2020-12-02 15:36:04.445086','2020-12-02 15:36:04.445088', 70),
(178,'Test comment MEDIA 77',0,'2020-12-02 15:36:04.445167','2020-12-02 15:36:04.445169', 39),
(179,'Test comment MEDIA 78',0,'2020-12-02 15:36:04.445248','2020-12-02 15:36:04.445251', 92),
(180,'Test comment MEDIA 79',0,'2020-12-02 15:36:04.445330','2020-12-02 15:36:04.445332', 43),
(181,'Test comment MEDIA 80',0,'2020-12-02 15:36:04.447295','2020-12-02 15:36:04.447300', 14),
(182,'Test comment MEDIA 81',0,'2020-12-02 15:36:04.447419','2020-12-02 15:36:04.447422', 43),
(183,'Test comment MEDIA 82',0,'2020-12-02 15:36:04.447502','2020-12-02 15:36:04.447504', 52),
(184,'Test comment MEDIA 83',0,'2020-12-02 15:36:04.447584','2020-12-02 15:36:04.447586', 5),
(185,'Test comment MEDIA 84',0,'2020-12-02 15:36:04.447690','2020-12-02 15:36:04.447692', 69),
(186,'Test comment MEDIA 85',0,'2020-12-02 15:36:04.447787','2020-12-02 15:36:04.447789', 42),
(187,'Test comment MEDIA 86',0,'2020-12-02 15:36:04.447881','2020-12-02 15:36:04.447883', 6),
(188,'Test comment MEDIA 87',0,'2020-12-02 15:36:04.447975','2020-12-02 15:36:04.447977', 89),
(189,'Test comment MEDIA 88',0,'2020-12-02 15:36:04.448085','2020-12-02 15:36:04.448087', 70),
(190,'Test comment MEDIA 89',0,'2020-12-02 15:36:04.448180','2020-12-02 15:36:04.448182', 99),
(191,'Test comment MEDIA 90',0,'2020-12-02 15:36:04.448274','2020-12-02 15:36:04.448276', 92),
(192,'Test comment MEDIA 91',0,'2020-12-02 15:36:04.448368','2020-12-02 15:36:04.448370', 4),
(193,'Test comment MEDIA 92',0,'2020-12-02 15:36:04.448476','2020-12-02 15:36:04.448479', 81),
(194,'Test comment MEDIA 93',0,'2020-12-02 15:36:04.448573','2020-12-02 15:36:04.448576', 74),
(195,'Test comment MEDIA 94',0,'2020-12-02 15:36:04.448670','2020-12-02 15:36:04.448673', 31),
(196,'Test comment MEDIA 95',0,'2020-12-02 15:36:04.448765','2020-12-02 15:36:04.448767', 26),
(197,'Test comment MEDIA 96',0,'2020-12-02 15:36:04.448859','2020-12-02 15:36:04.448861', 26),
(198,'Test comment MEDIA 97',0,'2020-12-02 15:36:04.448953','2020-12-02 15:36:04.448955', 91),
(199,'Test comment MEDIA 98',0,'2020-12-02 15:36:04.449046','2020-12-02 15:36:04.449048', 21),
(200,'Test comment MEDIA 99',0,'2020-12-02 15:36:04.449141','2020-12-02 15:36:04.449143', 3);

insert into media_comment (comment_id, media_id) values
(101, 35),(102, 51),(103, 94),(104, 13),(105, 81),(106, 47),(107, 38),(108, 48),(109, 17),(110, 92),(111, 2),(112, 10),
(113, 18),(114, 45),(115, 63),(116, 87),(117, 61),(118, 54),(119, 20),(120, 71),(121, 6),(122, 1),(123, 13),(124, 80),
(125, 7),(126, 62),(127, 10),(128, 99),(129, 5),(130, 68),(131, 90),(132, 3),(133, 20),(134, 16),(135, 91),(136, 60),
(137, 44),(138, 62),(139, 96),(140, 17),(141, 98),(142, 87),(143, 62),(144, 12),(145, 4),(146, 26),(147, 49),(148, 85),
(149, 89),(150, 2),(151, 73),(152, 65),(153, 25),(154, 99),(155, 93),(156, 57),(157, 60),(158, 65),(159, 29),(160, 58),
(161, 5),(162, 44),(163, 45),(164, 82),(165, 77),(166, 58),(167, 56),(168, 67),(169, 16),(170, 98),(171, 42),(172, 93),
(173, 28),(174, 92),(175, 81),(176, 31),(177, 9),(178, 70),(179, 26),(180, 17),(181, 66),(182, 28),(183, 88),(184, 8),
(185, 43),(186, 63),(187, 20),(188, 57),(189, 96),(190, 48),(191, 82),(192, 41),(193, 1),(194, 47),(195, 54),(196, 98),
(197, 73),(198, 3),(199, 28),(200, 74);

insert into post_comment (comment_id, post_id) values
(1, 38),(2, 62),(3, 78),(4, 3),(5, 100),(6, 100),(7, 82),(8, 80),(9, 52),(10, 2),(11, 33),(12, 32),(13, 29),(14, 7),
(15, 61),(16, 57),(17, 4),(18, 88),(19, 86),(20, 46),(21, 16),(22, 3),(23, 92),(24, 2),(25, 81),(26, 21),(27, 28),(28, 61),
(29, 24),(30, 99),(31, 8),(32, 80),(33, 62),(34, 65),(35, 14),(36, 82),(37, 24),(38, 38),(39, 77),(40, 6),(41, 7),(42, 88),
(43, 35),(44, 36),(45, 70),(46, 80),(47, 76),(48, 6),(49, 73),(50, 1),(51, 1),(52, 68),(53, 21),(54, 8),(55, 96),(56, 58),
(57, 82),(58, 83),(59, 86),(60, 100),(61, 13),(62, 68),(63, 3),(64, 49),(65, 95),(66, 24),(67, 70),(68, 60),(69, 5),(70, 98),
(71, 32),(72, 48),(73, 27),(74, 18),(75, 77),(76, 11),(77, 19),(78, 7),(79, 64),(80, 63),(81, 1),(82, 6),(83, 39),(84, 33),(85, 40),
(86, 76),(87, 55),(88, 65),(89, 20),(90, 9),(91, 100),(92, 64),(93, 64),(94, 29),(95, 42),(96, 67),(97, 49),(98, 55),(99, 27),(100, 52);

insert into albums (id, update_date, media_type, name, persist_date) values
(1,'2020-12-03 03:22:35.103842',1,'audioAlbum','2020-12-03 03:22:35.103852'),(2,'2020-12-03 03:22:35.104361',1,'audioAlbum','2020-12-03 03:22:35.104365'),
(3,'2020-12-03 03:22:35.104496',1,'audioAlbum','2020-12-03 03:22:35.104499'),(4,'2020-12-03 03:22:35.104628',1,'audioAlbum','2020-12-03 03:22:35.104631'),
(5,'2020-12-03 03:22:35.104762',1,'audioAlbum','2020-12-03 03:22:35.104766'),(6,'2020-12-03 03:22:35.104894',1,'audioAlbum','2020-12-03 03:22:35.104898'),
(7,'2020-12-03 03:22:35.105037',1,'audioAlbum','2020-12-03 03:22:35.105040'),(8,'2020-12-03 03:22:35.105165',1,'audioAlbum','2020-12-03 03:22:35.105168'),
(9,'2020-12-03 03:22:35.105293',1,'audioAlbum','2020-12-03 03:22:35.105297'),(10,'2020-12-03 03:22:35.105422',1,'audioAlbum','2020-12-03 03:22:35.105425'),
(11,'2020-12-03 03:22:35.105716',1,'audioAlbum','2020-12-03 03:22:35.105720'),(12,'2020-12-03 03:22:35.105849',1,'audioAlbum','2020-12-03 03:22:35.105852'),
(13,'2020-12-03 03:22:35.105974',1,'audioAlbum','2020-12-03 03:22:35.105978'),(14,'2020-12-03 03:22:35.106120',1,'audioAlbum','2020-12-03 03:22:35.106124'),
(15,'2020-12-03 03:22:35.106272',1,'audioAlbum','2020-12-03 03:22:35.106276'),(16,'2020-12-03 03:22:35.106406',1,'audioAlbum','2020-12-03 03:22:35.106410'),
(17,'2020-12-03 03:22:35.106539',1,'audioAlbum','2020-12-03 03:22:35.106543'),(18,'2020-12-03 03:22:35.106665',1,'audioAlbum','2020-12-03 03:22:35.106668'),
(19,'2020-12-03 03:22:35.106794',1,'audioAlbum','2020-12-03 03:22:35.106798'),(20,'2020-12-03 03:22:35.106922',1,'audioAlbum','2020-12-03 03:22:35.106926'),
(21,'2020-12-03 03:22:35.110353',0,'imageAlbum','2020-12-03 03:22:35.110363'),(22,'2020-12-03 03:22:35.110590',0,'imageAlbum','2020-12-03 03:22:35.110594'),
(23,'2020-12-03 03:22:35.110724',0,'imageAlbum','2020-12-03 03:22:35.110728'),(24,'2020-12-03 03:22:35.110848',0,'imageAlbum','2020-12-03 03:22:35.110851'),
(25,'2020-12-03 03:22:35.110971',0,'imageAlbum','2020-12-03 03:22:35.110975'),(26,'2020-12-03 03:22:35.111095',0,'imageAlbum','2020-12-03 03:22:35.111099'),
(27,'2020-12-03 03:22:35.111223',0,'imageAlbum','2020-12-03 03:22:35.111226'),(28,'2020-12-03 03:22:35.111351',0,'imageAlbum','2020-12-03 03:22:35.111354'),
(29,'2020-12-03 03:22:35.111477',0,'imageAlbum','2020-12-03 03:22:35.111481'),(30,'2020-12-03 03:22:35.111605',0,'imageAlbum','2020-12-03 03:22:35.111608'),
(31,'2020-12-03 03:22:35.111730',0,'imageAlbum','2020-12-03 03:22:35.111734'),(32,'2020-12-03 03:22:35.111856',0,'imageAlbum','2020-12-03 03:22:35.111859'),
(33,'2020-12-03 03:22:35.111993',0,'imageAlbum','2020-12-03 03:22:35.111996'),(34,'2020-12-03 03:22:35.112133',0,'imageAlbum','2020-12-03 03:22:35.112136'),
(35,'2020-12-03 03:22:35.112261',0,'imageAlbum','2020-12-03 03:22:35.112264'),(36,'2020-12-03 03:22:35.112389',0,'imageAlbum','2020-12-03 03:22:35.112392'),
(37,'2020-12-03 03:22:35.112516',0,'imageAlbum','2020-12-03 03:22:35.112519'),(38,'2020-12-03 03:22:35.112653',0,'imageAlbum','2020-12-03 03:22:35.112656'),
(39,'2020-12-03 03:22:35.112778',0,'imageAlbum','2020-12-03 03:22:35.112781'),(40,'2020-12-03 03:22:35.112902',0,'imageAlbum','2020-12-03 03:22:35.112905'),
(41,'2020-12-03 03:22:35.115398',0,'imageAlbum','2020-12-03 03:22:35.115407'),(42,'2020-12-03 03:22:35.116544',0,'imageAlbum','2020-12-03 03:22:35.116550'),
(43,'2020-12-03 03:22:35.116689',0,'imageAlbum','2020-12-03 03:22:35.116693'),(44,'2020-12-03 03:22:35.116819',0,'imageAlbum','2020-12-03 03:22:35.116822'),
(45,'2020-12-03 03:22:35.116939',0,'imageAlbum','2020-12-03 03:22:35.116943'),(46,'2020-12-03 03:22:35.117059',0,'imageAlbum','2020-12-03 03:22:35.117062'),
(47,'2020-12-03 03:22:35.117183',0,'imageAlbum','2020-12-03 03:22:35.117187'),(48,'2020-12-03 03:22:35.117375',0,'imageAlbum','2020-12-03 03:22:35.117378'),
(49,'2020-12-03 03:22:35.117495',0,'imageAlbum','2020-12-03 03:22:35.117498'),(50,'2020-12-03 03:22:35.117625',0,'imageAlbum','2020-12-03 03:22:35.117628'),
(51,'2020-12-03 03:22:35.117753',0,'imageAlbum','2020-12-03 03:22:35.117756'),(52,'2020-12-03 03:22:35.117872',0,'imageAlbum','2020-12-03 03:22:35.117876'),
(53,'2020-12-03 03:22:35.118001',0,'imageAlbum','2020-12-03 03:22:35.118005'),(54,'2020-12-03 03:22:35.118132',0,'imageAlbum','2020-12-03 03:22:35.118135'),
(55,'2020-12-03 03:22:35.118263',0,'imageAlbum','2020-12-03 03:22:35.118267'),(56,'2020-12-03 03:22:35.118395',0,'imageAlbum','2020-12-03 03:22:35.118398'),
(57,'2020-12-03 03:22:35.118525',0,'imageAlbum','2020-12-03 03:22:35.118528'),(58,'2020-12-03 03:22:35.118656',0,'imageAlbum','2020-12-03 03:22:35.118660'),
(59,'2020-12-03 03:22:35.118781',0,'imageAlbum','2020-12-03 03:22:35.118785'),(60,'2020-12-03 03:22:35.118912',0,'imageAlbum','2020-12-03 03:22:35.118915'),
(61,'2020-12-03 03:22:35.121378',0,'imageAlbum','2020-12-03 03:22:35.121385'),(62,'2020-12-03 03:22:35.121561',0,'imageAlbum','2020-12-03 03:22:35.121564'),
(63,'2020-12-03 03:22:35.121663',0,'imageAlbum','2020-12-03 03:22:35.121665'),(64,'2020-12-03 03:22:35.121760',0,'imageAlbum','2020-12-03 03:22:35.121763'),
(65,'2020-12-03 03:22:35.121859',0,'imageAlbum','2020-12-03 03:22:35.121861'),(66,'2020-12-03 03:22:35.121956',0,'imageAlbum','2020-12-03 03:22:35.121959'),
(67,'2020-12-03 03:22:35.122054',0,'imageAlbum','2020-12-03 03:22:35.122056'),(68,'2020-12-03 03:22:35.122164',0,'imageAlbum','2020-12-03 03:22:35.122167'),
(69,'2020-12-03 03:22:35.122262',0,'imageAlbum','2020-12-03 03:22:35.122264'),(70,'2020-12-03 03:22:35.122359',0,'imageAlbum','2020-12-03 03:22:35.122361'),
(71,'2020-12-03 03:22:35.122465',0,'imageAlbum','2020-12-03 03:22:35.122468'),(72,'2020-12-03 03:22:35.122574',0,'imageAlbum','2020-12-03 03:22:35.122576'),
(73,'2020-12-03 03:22:35.122683',0,'imageAlbum','2020-12-03 03:22:35.122686'),(74,'2020-12-03 03:22:35.122783',2,'videoAlbum','2020-12-03 03:22:35.122785'),
(75,'2020-12-03 03:22:35.122890',2,'videoAlbum','2020-12-03 03:22:35.122893'),(76,'2020-12-03 03:22:35.123019',2,'videoAlbum','2020-12-03 03:22:35.123022'),
(77,'2020-12-03 03:22:35.123137',2,'videoAlbum','2020-12-03 03:22:35.123140'),(78,'2020-12-03 03:22:35.123235',2,'videoAlbum','2020-12-03 03:22:35.123238'),
(79,'2020-12-03 03:22:35.123369',2,'videoAlbum','2020-12-03 03:22:35.123371'),(80,'2020-12-03 03:22:35.123535',2,'videoAlbum','2020-12-03 03:22:35.123538'),
(81,'2020-12-03 03:22:35.125214',2,'videoAlbum','2020-12-03 03:22:35.125220'),(82,'2020-12-03 03:22:35.125407',2,'videoAlbum','2020-12-03 03:22:35.125410'),
(83,'2020-12-03 03:22:35.125505',2,'videoAlbum','2020-12-03 03:22:35.125507'),(84,'2020-12-03 03:22:35.125620',2,'videoAlbum','2020-12-03 03:22:35.125623'),
(85,'2020-12-03 03:22:35.125737',2,'videoAlbum','2020-12-03 03:22:35.125743'),(86,'2020-12-03 03:22:35.125884',2,'videoAlbum','2020-12-03 03:22:35.125887'),
(87,'2020-12-03 03:22:35.125995',2,'videoAlbum','2020-12-03 03:22:35.125998'),(88,'2020-12-03 03:22:35.126128',2,'videoAlbum','2020-12-03 03:22:35.126132'),
(89,'2020-12-03 03:22:35.126242',2,'videoAlbum','2020-12-03 03:22:35.126245'),(90,'2020-12-03 03:22:35.126355',2,'videoAlbum','2020-12-03 03:22:35.126358'),
(91,'2020-12-03 03:22:35.126465',2,'videoAlbum','2020-12-03 03:22:35.126468'),(92,'2020-12-03 03:22:35.126578',2,'videoAlbum','2020-12-03 03:22:35.126581'),
(93,'2020-12-03 03:22:35.126684',2,'videoAlbum','2020-12-03 03:22:35.126687'),(94,'2020-12-03 03:22:35.126793',2,'videoAlbum','2020-12-03 03:22:35.126797'),
(95,'2020-12-03 03:22:35.126900',2,'videoAlbum','2020-12-03 03:22:35.126903'),(96,'2020-12-03 03:22:35.127022',2,'videoAlbum','2020-12-03 03:22:35.127026'),
(97,'2020-12-03 03:22:35.127141',2,'videoAlbum','2020-12-03 03:22:35.127143'),(98,'2020-12-03 03:22:35.127239',2,'videoAlbum','2020-12-03 03:22:35.127241'),
(99,'2020-12-03 03:22:35.127336',2,'videoAlbum','2020-12-03 03:22:35.127338'),(100,'2020-12-03 03:22:35.127433',2,'videoAlbum','2020-12-03 03:22:35.127435');

insert into album_audios (album_id) values
(1),(2),(3),(4),(5),(6),(7),(8),(9),(10),(11),(12),(13),(14),(15),(16),(17),(18),(19),(20);

insert into album_image (album_id) values
(21),(22),(23),(24),(25),(26),(27),(28),(29),(30),(31),(32),(33),(34),(35),(36),(37),(38),(39),(40),(41),(42),(43),(44),
(45),(46),(47),(48),(49),(50),(51),(52),(53),(54),(55),(56),(57),(58),(59),(60),(61),(62),(63),(64),(65),(66),(67),(68),
(69),(70),(71),(72),(73);

insert into album_video (album_id) values
(74),(75),(76),(77),(78),(79),(80),(81),(82),(83),(84),(85),(86),(87),(88),(89),(90),(91),(92),(93),(94),(95),(96),(97),
(98),(99),(100);

insert into user_has_album (id,persist_date, album_id, user_id) values
(1, '2020-12-03 15:36:04.693556', 1,4 ),(2, '2020-12-04 15:36:04.693556', 1,5 ),
(3, '2020-12-05 15:36:04.693556', 1,6 ),(4, '2020-12-06 15:36:04.693556', 2,7 ),
(5, '2020-12-07 15:36:04.693556', 2,8 ),(6, '2020-12-08 15:36:04.693556', 2,9 ),
(7, '2020-12-09 15:36:04.693556', 2,10 ),(8, '2020-12-10 15:36:04.693556', 2,11 ),
(9, '2020-12-11 15:36:04.693556', 3,12 ),(10, '2020-12-13 15:36:04.693556', 3,13 ),
(11, '2020-12-12 15:36:04.693556', 4,14 ),(12, '2020-12-14 15:36:04.693556', 5,14 ),
(13, '2020-12-15 15:36:04.693556', 6,14 );

insert into "like" (id, like_type, user_id) values
(1, 2, 20),(2, 2, 52),(3, 2, 64),(4, 2, 96),(5, 2, 93),(6, 2, 54),(7, 2, 12),(8, 2, 14),
(9, 2, 36),(10, 2, 58),(11, 2, 28),(12, 2, 16),(13, 2, 15),(14, 2, 11),(15, 2, 64),(16, 2, 17),
(17, 2, 17),(18, 2, 88),(19, 2, 30),(20, 2, 40),(21, 2, 59),(22, 2, 37),(23, 2, 2),(24, 2, 14),
(25, 2, 81),(26, 2, 3),(27, 2, 72),(28, 2, 98),(29, 2, 46),(30, 2, 46),(31, 2, 45),(32, 2, 39),
(33, 2, 68),(34, 2, 72),(35, 2, 38),(36, 2, 81),(37, 2, 71),(38, 2, 8),(39, 2, 80),(40, 2, 36),
(41, 2, 24),(42, 2, 28),(43, 2, 16),(44, 2, 39),(45, 2, 25),(46, 2, 93),(47, 2, 5),(48, 2, 48),
(49, 2, 19),(50, 2, 71),(51, 2, 37),(52, 2, 11),(53, 2, 70),(54, 2, 21),(55, 2, 86),(56, 2, 42),
(57, 2, 41),(58, 2, 94),(59, 2, 35),(60, 2, 27),(61, 2, 21),(62, 2, 97),(63, 2, 97),(64, 2, 37),
(65, 2, 24),(66, 2, 52),(67, 2, 96),(68, 2, 15),(69, 2, 60),(70, 2, 96),(71, 2, 59),(72, 2, 71),
(73, 2, 29),(74, 2, 45),(75, 2, 61),(76, 2, 94),(77, 2, 80),(78, 2, 19),(79, 2, 37),(80, 2, 75),
(81, 2, 83),(82, 2, 67),(83, 2, 96),(84, 2, 86),(85, 2, 59),(86, 2, 59),(87, 2, 69),(88, 2, 78),
(89, 2, 77),(90, 2, 52),(91, 2, 27),(92, 2, 83),(93, 2, 43),(94, 2, 19),(95, 2, 58),(96, 2, 21),
(97, 2, 90),(98, 2, 82),(99, 2, 40),(100, 2, 62),(101, 1, 85),(102, 1, 71),(103, 1, 59),(104, 1, 5),
(105, 1, 95),(106, 1, 7),(107, 1, 1),(108, 1, 41),(109, 1, 81),(110, 1, 85),(111, 1, 52),(112, 1, 44),
(113, 1, 98),(114, 1, 17),(115, 1, 100),(116, 1, 83),(117, 1, 59),(118, 1, 23),(119, 1, 17),
(120, 1, 63),(121, 1, 41),(122, 1, 25),(123, 1, 95),(124, 1, 47),(125, 1, 72),(126, 1, 62),
(127, 1, 78),(128, 1, 84),(129, 1, 36),(130, 1, 14),(131, 1, 56),(132, 1, 80),(133, 1, 39),
(134, 1, 27),(135, 1, 67),(136, 1, 65),(137, 1, 82),(138, 1, 79),(139, 1, 95),(140, 1, 61),
(141, 1, 91),(142, 1, 17),(143, 1, 38),(144, 1, 32),(145, 1, 10),(146, 1, 1),(147, 1, 51),(148, 1, 83),
(149, 1, 70),(150, 1, 49),(151, 1, 6),(152, 1, 54),(153, 1, 87),(154, 1, 56),(155, 1, 8),(156, 1, 100),
(157, 1, 29),(158, 1, 24),(159, 1, 50),(160, 1, 26),(161, 1, 74),(162, 1, 99),(163, 1, 33),(164, 1, 59),
(165, 1, 74),(166, 1, 59),(167, 1, 31),(168, 1, 75),(169, 1, 37),(170, 1, 41),(171, 1, 36),(172, 1, 6),
(173, 1, 34),(174, 1, 85),(175, 1, 65),(176, 1, 89),(177, 1, 96),(178, 1, 85),(179, 1, 33),(180, 1, 70),
(181, 1, 47),(182, 1, 99),(183, 1, 27),(184, 1, 68),(185, 1, 60),(186, 1, 24),(187, 1, 32),(188, 1, 34),
(189, 1, 84),(190, 1, 68),(191, 1, 97),(192, 1, 84),(193, 1, 61),(194, 1, 1),(195, 1, 28),(196, 1, 63),
(197, 1, 95),(198, 1, 98),(199, 1, 52),(200, 1, 83),(201, 0, 97),(202, 0, 29),(203, 0, 18),(204, 0, 36),
(205, 0, 79),(206, 0, 64),(207, 0, 84),(208, 0, 84),(209, 0, 86),(210, 0, 62),(211, 0, 23),(212, 0, 74),
(213, 0, 91),(214, 0, 88),(215, 0, 67),(216, 0, 23),(217, 0, 89),(218, 0, 77),(219, 0, 39),(220, 0, 63),
(221, 0, 58),(222, 0, 82),(223, 0, 67),(224, 0, 86),(225, 0, 82),(226, 0, 16),(227, 0, 74),(228, 0, 72),(229, 0, 50),
(230, 0, 56),(231, 0, 77),(232, 0, 8),(233, 0, 83),(234, 0, 67),(235, 0, 42),(236, 0, 62),(237, 0, 42),
(238, 0, 61),(239, 0, 9),(240, 0, 37),(241, 0, 23),(242, 0, 83),(243, 0, 25),(244, 0, 11),(245, 0, 41),(246, 0, 25),(247, 0, 6),
(248, 0, 72),(249, 0, 76),(250, 0, 82),(251, 0, 84),(252, 0, 94),(253, 0, 5),(254, 0, 8),(255, 0, 17),(256, 0, 83),(257, 0, 42),(258, 0, 32),
(259, 0, 68),(260, 0, 20),(261, 0, 16),(262, 0, 52),(263, 0, 87),(264, 0, 77),(265, 0, 76),(266, 0, 22),(267, 0, 48),
(268, 0, 87),(269, 0, 62),(270, 0, 61),(271, 0, 12),(272, 0, 61),(273, 0, 68),(274, 0, 8),(275, 0, 46),(276, 0, 16),
(277, 0, 63),(278, 0, 57),(279, 0, 96),(280, 0, 55),(281, 0, 87),(282, 0, 58),(283, 0, 7),(284, 0, 4),(285, 0, 97),(286, 0, 82),
(287, 0, 6),(288, 0, 92),(289, 0, 60),(290, 0, 59),(291, 0, 54),(292, 0, 36),(293, 0, 100),(294, 0, 71),(295, 0, 90),(296, 0, 73),
(297, 0, 23),(298, 0, 27),(299, 0, 100),(300, 0, 43);

insert into media_like (like_id, media_id) values
(1, 2),(3, 3),(4, 4),(5, 5),(6, 6),(7, 7),(8, 8),(9, 9),(10, 10),(11, 11);

insert into message_like (like_id, message_id) values
(201, 47),(202, 67),(203, 64),(204, 45),(205, 20),(206, 13),(207, 51),(208, 68),(209, 40),
(210, 55),(211, 68),(212, 46),(213, 30),(214, 99),(215, 100),(216, 57),(217, 59),(218, 50),
(219, 17),(220, 75),(221, 29),(222, 32),(223, 55),(224, 20),(225, 18),(226, 88),(227, 18),(228, 31),
(229, 80),(230, 55),(231, 42),(232, 27),(233, 18),(234, 83),(235, 48),(236, 86),(237, 48),(238, 61),
(239, 33),(240, 77),(241, 97),(242, 85),(243, 23),(244, 99),(245, 38),(246, 1),(247, 79),(248, 39),
(249, 53),(250, 9),(251, 87),(252, 38),(253, 51),(254, 31),(255, 85),(256, 25),(257, 86),(258, 61),(259, 28),(260, 75),(261, 6),
(262, 8),(263, 83),(264, 76),(265, 36),(266, 44),(267, 99),(268, 28),(269, 38),(270, 46),(271, 96),
(272, 97),(273, 38),(274, 60),(275, 70),(276, 41),(277, 78),(278, 36),(279, 12),(280, 87),(281, 70),
(282, 75),(283, 85),(284, 25),(285, 29),(286, 64),(287, 12),(288, 7),(289, 22),(290, 8),(291, 43),(292, 40),
(293, 83),(294, 59),(295, 42),(296, 66),(297, 1),(298, 61),(299, 99),(300, 24);

insert into post_like (like_id, post_id) values
(1, 86),(2, 77),(3, 23),(4, 90),(5, 82),(6, 55),(7, 56),(8, 61),(9, 79),(10, 91),(11, 4),
(12, 52),(13, 88),(14, 84),(15, 61),(16, 53),(17, 63),(18, 16),(19, 65),(20, 92),(21, 17),
(22, 38),(23, 83),(24, 20),(25, 15),(26, 97),(27, 87),(28, 74),(29, 9),(30, 60),(31, 81),
(32, 47),(33, 64),(34, 81),(35, 69),(36, 33),(37, 59),(38, 86),(39, 57),(40, 99),
(41, 87),(42, 96),(43, 35),(44, 44),(45, 98),(46, 43),(47, 11),(48, 77),(49, 11),(50, 65),
(51, 22),(52, 45),(53, 27),(54, 95),(55, 7),(56, 19),(57, 42),(58, 13),(59, 32),(60, 93),
(61, 27),(62, 37),(63, 34),(64, 57),(65, 46),(66, 88),(67, 14),(68, 98),(69, 70),(70, 18),
(71, 62),(72, 88),(73, 21),(74, 33),(75, 80),(76, 77),(77, 83),(78, 18),(79, 92),(80, 81),(81, 75),
(82, 50),(83, 33),(84, 73),(85, 37),(86, 96),(87, 96),(88, 56),(89, 83),(90, 75),(91, 98),(92, 19),
(93, 65),(94, 13),(95, 24),(96, 8),(97, 27),(98, 20),(99, 80),(100, 42);

insert into comment_like (like_id, comment_id) values
(101, 97),(102, 54),(103, 78),(104, 90),(105, 68),(106, 43),(107, 9),(108, 24),
(109, 62),(110, 70),(111, 19),(112, 27),(113, 75),(114, 67),(115, 100),(116, 19),
(117, 76),(118, 39),(119, 51),(120, 16),(121, 85),(122, 38),(123, 88),(124, 82),
(125, 14),(126, 38),(127, 82),(128, 3),(129, 96),(130, 75),(131, 16),(132, 49),
(133, 74),(134, 97),(135, 73),(136, 94),(137, 6),(138, 35),(139, 24),(140, 7),(141, 48),
(142, 96),(143, 68),(144, 34),(145, 81),(146, 20),(147, 34),(148, 33),(149, 10),(150, 82),
(151, 54),(152, 27),(153, 62),(154, 10),(155, 79),(156, 94),(157, 44),(158, 45),(159, 75),
(160, 15),(161, 45),(162, 90),(163, 30),(164, 32),(165, 94),(166, 1),(167, 76),(168, 96),
(169, 2),(170, 18),(171, 68),(172, 13),(173, 63),(174, 52),(175, 15),(176, 8),(177, 75),(178, 71),
(179, 38),(180, 70),(181, 18),(182, 43),(183, 89),(184, 46),(185, 4),(186, 39),(187, 69),
(188, 99),(189, 59),(190, 96),(191, 33),(192, 48),(193, 43),(194, 2),(195, 64),(196, 51),(197, 84),
(198, 46),(199, 40),(200, 7);

insert into user_languages (user_id, language_id) values
(1, 1),(2, 2),(3, 1),(4, 2),(5, 1),(6, 2),(7, 1),(8, 2),(9, 1),(10, 2),(11, 1),
(12, 1),(13, 1),(14, 1),(15, 1),(16, 1),(17, 1),(18, 1),(19, 1),(20, 1),(21, 1),
(22, 2),(23, 2),(24, 2),(25, 2),(26, 2),(27, 2),(28, 2),(29, 2),(30, 2),(31, 2),
(32, 2),(33, 1),(34, 2),(35, 1),(36, 2),(37, 1),(38, 2),(39, 1),(40, 2),(41, 2),
(42, 1),(43, 2),(44, 1),(45, 2),(46, 1),(47, 2),(48, 1),(49, 2),(50, 1),(51, 2),
(52, 1),(53, 2),(54, 1),(55, 2),(56, 1),(57, 2),(58, 1),(59, 2),(60, 1),(61, 2),
(62, 1),(63, 2),(64, 1),(65, 2),(66, 1),(67, 2),(68, 1),(69, 2),(70, 1),(71, 2),
(72, 1),(73, 2),(74, 1),(75, 2),(76, 1),(77, 2),(78, 1),(79, 2),(80, 1),(81, 2),
(82, 1),(83, 2),(84, 1),(85, 2),(86, 1),(87, 2),(88, 1),(89, 2),(90, 1),(91, 2),
(92, 1),(93, 1),(94, 2),(95, 1),(96, 2),(97, 1),(98, 2),(99, 1),(100, 2);

insert into users_audios_collections (user_id, audio_id) values
(100, 1),(100, 6),(100, 11),(100, 16),(100, 21),(100, 26),(100, 31),(100, 36),
(100, 41),(100, 46),(100, 51),(100, 56),(100, 61),(100, 66),(100, 71),(100, 76),
(100, 81),(100, 86),(100, 91),(100, 96);

insert into users_videos_collections (user_id, video_id) values
(2, 7),(2, 10),(2, 13),(2, 19),(6, 22),(6, 25),(6, 28),(6, 34),(10, 37),(10, 40),
(12, 43),(13, 43),(14, 43),(15, 43),(16, 43);

insert into users_group_chats (user_id, group_chat_id) values
(41, 1),(41, 2),(41, 3),(41, 4),(41, 5),(41, 6),(47, 3),(48, 3),(49, 3),(50, 4),
(51, 4),(52, 4),(53, 5),(54, 5),(55, 5),(56, 6),(57, 6),(58, 6),(59, 7),(60, 7),
(61, 7),(62, 8),(63, 8),(64, 8),(65, 9),(66, 9),(67, 9),(68, 10),(69, 10),(70, 10),
(71, 11),(72, 11),(73, 11),(74, 12),(75, 12),(76, 12),(77, 13),(78, 13),(79, 13),
(80, 14),(81, 14),(82, 14),(83, 15),(84, 15),(85, 15),(86, 16),(87, 16),(88, 16),(89, 17),
(90, 17),(91, 17),(92, 18),(93, 18),(94, 19),(95, 19),(96, 19),(97, 20),(98, 20),(99, 20),
(100, 18);

insert into post_media (post_id, media_id) values
(1, 4),(2, 1),(3, 5),(4, 2),(5, 3),(6, 10),(7, 8),(8, 6),(9, 7),(10, 9),(11, 14),(12, 12),
(13, 15),(14, 11),(15, 13),(16, 19),(17, 18),(18, 17),(19, 16),(20, 20),(21, 21),(22, 23),
(23, 25),(24, 24),(25, 22),(26, 26),(27, 28),(28, 29),(29, 27),(30, 30),(31, 31),(32, 32),
(33, 34),(34, 33),(35, 35),(36, 37),(37, 36),(38, 40),(39, 39),(40, 38),(41, 42),(42, 41),
(43, 43),(44, 45),(45, 44),(46, 50),(47, 47),(48, 49),(49, 48),(50, 46),(51, 54),(52, 53),
(53, 52),(54, 55),(55, 51),(56, 58),(57, 60),(58, 57),(59, 56),(60, 59),(61, 65),(62, 63),
(63, 61),(64, 64),(65, 62),(66, 69),(67, 70),(68, 68),(69, 66),(70, 67),(71, 71),
(72, 72),(73, 73),(74, 75),(75, 74),(76, 79),(77, 77),(78, 76),(79, 78),(80, 80),(81, 81),(82, 82),
(83, 83),(84, 84),(85, 85),(86, 89),(87, 87),(88, 90),(89, 88),(90, 86),(91, 91),
(92, 95),(93, 92),(94, 94),(95, 93),(96, 97),(97, 100),(98, 99),(99, 96),(100, 98);

insert into post_tags (post_id, tags_id) values
(1, 4),(2, 1),(3, 5),(4, 2),(5, 3),(6, 10),(7, 8),(8, 6),(9, 7),(10, 9),(11, 14),(12, 12),
(13, 15),(14, 11),(15, 13),(16, 19),(17, 18),(18, 17),(19, 16),(20, 20),(21, 21),(22, 23),
(23, 25),(24, 24),(25, 22),(26, 26),(27, 28),(28, 29),(29, 27),(30, 30),(31, 31),(32, 32),
(33, 34),(34, 33),(35, 35),(36, 37),(37, 36),(38, 40),(39, 39),(40, 38),(41, 42),(42, 41),
(43, 43),(44, 45),(45, 44),(46, 50),(47, 47),(48, 49),(49, 48),(50, 46),(51, 54),(52, 53),
(53, 52),(54, 55),(55, 51),(56, 58),(57, 60),(58, 57),(59, 56),(60, 59),(61, 65),(62, 63),
(63, 61),(64, 64),(65, 62),(66, 69),(67, 70),(68, 68),(69, 66),(70, 67),(71, 71),
(72, 72),(73, 73),(74, 75),(75, 74),(76, 79),(77, 77),(78, 76),(79, 78),(80, 80),(81, 81),(82, 82),
(83, 83),(84, 84),(85, 85),(86, 89),(87, 87),(88, 90),(89, 88),(90, 86),(91, 91),
(92, 95),(93, 92),(94, 94),(95, 93),(96, 97),(97, 100),(98, 99),(99, 96),(100, 98);

insert into media_messages (message_id, media_id) values
(1, 1),(2, 62),(3, 63),(4, 64),(5, 65),(6, 66),(7, 67),(8, 68),(9, 69),(10, 70),(11, 71),
(12, 72),(13, 73),(14, 74),(15, 75),(16, 76),(17, 77),(18, 78),(19, 79),(20, 80),(21, 81),
(22, 82),(23, 83),(24, 84),(25, 85),(26, 86),(27, 87),(28, 88),(29, 89),(30, 90),(31, 91),
(32, 92),(33, 93),(34, 94),(35, 95),(36, 96),(37, 97),(38, 98),(39, 99),(40, 100),
(41, 2),(42, 3),(43, 4),(44, 5),(45, 6),(46, 7),(47, 8),(48, 9),(49, 10),(50, 11),(51, 12),(52, 13),
(53, 14),(54, 15),(55, 16),(56, 17),(57, 18),(58, 19),(59, 20),(60, 21),(61, 22),(62, 23),(63, 24),
(64, 25),(65, 26),(66, 27),(67, 28),(68, 29),(69, 30),(70, 31),(71, 32),(72, 33),(73, 34),(74, 35),
(75, 36),(76, 37),(77, 38),(78, 39),(79, 40),(80, 41),(81, 42),(82, 43),(83, 44),(84, 45),
(85, 46),(86, 47),(87, 48),(88, 49),(89, 50),(90, 51),(91, 52),(92, 53),(93, 55),(94, 56),
(95, 57),(96, 58),(97, 59),(98, 60),(99, 61),(100, 54);

insert into playlist_has_audios (playlist_id, audios_id) values
(1, 16),(1, 21),(1, 26),(2, 31),(2, 36),(2, 41),(3, 46),(3, 51),(3, 56),
(4, 61),(4, 66),(4, 71),(5, 76),(5, 81),(5, 86);

insert into group_wall (group_id, post_id) values
(1, 31),(1, 32),(1, 33),(1, 34),(1, 35),(2, 11),(2, 12),(2, 13),(2, 14),(2, 15),(3, 1),
(3, 2),(3, 3),(3, 4),(3, 5),(4, 21),(4, 22),(4, 23),(4, 24),(4, 25),(5, 51),(5, 52),(5, 53),
(5, 54),(5, 55),(6, 41),(6, 42),(6, 43),(6, 44),(6, 45),(7, 66),(7, 67),(7, 68),(7, 69),
(7, 70),(8, 86),(8, 87),(8, 88),(8, 89),(8, 90),(9, 46),(9, 47),(9, 48),(9, 49),(9, 50),
(10, 61),(10, 62),(10, 63),(10, 64),(10, 65),(11, 71),(11, 72),(11, 73),(11, 74),(11, 75),(12, 56),
(12, 57),(12, 58),(12, 59),(12, 60),(13, 16),(13, 17),(13, 18),(13, 19),(13, 20),(14, 76),
(14, 77),(14, 78),(14, 79),(14, 80),(15, 36),(15, 37),(15, 38),(15, 39),(15, 40),(16, 91),
(16, 92),(16, 93),(16, 94),(16, 95),(17, 96),(17, 97),(17, 98),(17, 99),(17, 100),(18, 81),
(18, 82),(18, 83),(18, 84),(18, 85),(19, 6),(19, 7),(19, 8),(19, 9),(19, 10),(20, 26),(20, 27),
(20, 28),(20, 29),(20, 30);

insert into chats_messages (chat_id, message_id) values
(1, 41),(1, 42),(1, 43),(2, 44),(2, 45),(2, 46),(3, 47),(3, 48),(3, 49),(4, 50),(4, 51),(4, 52),
(5, 53),(5, 54),(5, 55),(6, 56),(6, 57),(6, 58),(7, 59),(7, 60),(7, 61),(8, 62),(8, 63),(8, 64),
(9, 65),(9, 66),(9, 67),(10, 68),(10, 69),(10, 70),(11, 71),(11, 72),(11, 73),(12, 75),(12, 74),
(12, 76),(13, 77),(13, 78),(13, 79),(14, 80),(14, 81),(14, 82),(15, 83),(15, 84),(15, 85),(16, 87),
(16, 86),(16, 88),(17, 90),(17, 91),(17, 89),(18, 100),(18, 92),(18, 93),(19, 95),(19, 96),(19, 94),
(20, 97),(20, 98),(20, 99);

insert into album_has_video (album_id, videos_id) values
(74, 4),(75, 10),(76, 13),(77, 19),(78, 22),(79, 25),(80, 28),(81, 34),(83, 37),
(82, 40),(84, 43),(85, 49),(87, 52);

insert into album_has_image (album_id, image_id) values
(21, 2),(22, 2),(23, 2),(24, 2),(25, 2),(26, 2),(27, 2),(28, 2),(29, 17),(30, 18),
(30, 20),(30, 23),(30, 24),(30, 27),(30, 29),(36, 30),(37, 30),(38, 30),(39, 30),
(40, 30),(41, 39),(41, 42),(41, 44),(41, 45),(41, 47),(41, 48),(41, 50),(41, 53),
(41, 54),(41, 57),(51, 59),(52, 60),(53, 60),(54, 60),(55, 60),(56, 60),(57, 62),
(58, 63),(59, 65),(60, 68),(61, 69),(62, 72),(63, 74),(64, 75),(65, 77),(66, 78),
(67, 80),(68, 83),(69, 84),(70, 87),(71, 89),(72, 90),(73, 92);

insert into album_has_audio (album_id, audios_id) values
(1, 1),(2, 1),(3, 1),(4, 1),(5, 1),(6, 1),(7, 31),(7, 36),(7, 41),(7, 46),(8, 51),
(8, 56),(9, 61),(10, 66),(11, 71),(12, 76),(13, 81),(14, 86),(15, 91),
(16, 96),(17, 96),(18, 96),(19, 96),(20, 96);