insert into role (id, name) values (1, 'ADMIN'), (2, 'USER');

insert into active (id, name) values (1, 'ACTIVE'),(2, 'DISABLED');

insert into users (user_id,about_me,image,city,date_of_birth,
                   education,email,first_name,is_enable,last_name,
                   last_redaction_date,link_site,password,persist_date,
                   profession,status,active_id,role_id)
values
(1,'My description about life - Admin0','www.myavatar0.ru/9090','SPb','2008-05-30 08:20:12.121000','MIT University','admin0@user.ru','Admin0',1,'LastNameUser0','2020-12-03 02:44:10.280812','www.mysite.ru','userpass0','2020-12-03 02:44:10.280857','Student','free',1,1),
(2,'My description about life - User61','www.myavatar61.ru/9090','SPb','2008-05-30 08:20:12.121000','MIT University','user61@user.ru','User61',1,'LastNameUser61','2020-12-03 02:44:10.337676','www.mysite.ru','userpass61','2020-12-03 02:44:10.337689','Student','free',2,2),
(3,'My description about life - User62','www.myavatar62.ru/9090','SPb','2008-05-30 08:20:12.121000','MIT University','user62@user.ru','User62',1,'LastNameUser62','2020-12-03 02:44:10.338155','www.mysite.ru','userpass62','2020-12-03 02:44:10.338171','Student','free',1,2),
(4,'My description about life - User63','www.myavatar63.ru/9090','SPb','2008-05-30 08:20:12.121000','MIT University','user63@user.ru','User63',1,'LastNameUser63','2020-12-03 02:44:10.338658','www.mysite.ru','userpass63','2020-12-03 02:44:10.338678','Student','free',2,2),
(5,'My description about life - User64','www.myavatar64.ru/9090','SPb','2008-05-30 08:20:12.121000','MIT University','user64@user.ru','User64',1,'LastNameUser64','2020-12-03 02:44:10.339140','www.mysite.ru','userpass64','2020-12-03 02:44:10.339154','Student','free',1,2),
(6,'My description about life - User65','www.myavatar65.ru/9090','SPb','2008-05-30 08:20:12.121000','MIT University','user65@user.ru','User65',1,'LastNameUser65','2020-12-03 02:44:10.339612','www.mysite.ru','userpass65','2020-12-03 02:44:10.339626','Student','free',2,2),
(7,'My description about life - User66','www.myavatar66.ru/9090','SPb','2008-05-30 08:20:12.121000','MIT University','user66@user.ru','User66',1,'LastNameUser66','2020-12-03 02:44:10.340098','www.mysite.ru','userpass66','2020-12-03 02:44:10.340112','Student','free',1,2),
(8,'My description about life - User67','www.myavatar67.ru/9090','SPb','2008-05-30 08:20:12.121000','MIT University','user67@user.ru','User67',1,'LastNameUser67','2020-12-03 02:44:10.340546','www.mysite.ru','userpass67','2020-12-03 02:44:10.340559','Student','free',2,2),
(9,'My description about life - User68','www.myavatar68.ru/9090','SPb','2008-05-30 08:20:12.121000','MIT University','user68@user.ru','User68',1,'LastNameUser68','2020-12-03 02:44:10.341104','www.mysite.ru','userpass68','2020-12-03 02:44:10.341128','Student','free',1,2),
(10,'My description about life - User69','www.myavatar69.ru/9090','SPb','2008-05-30 08:20:12.121000','MIT University','user69@user.ru','User69',1,'LastNameUser69','2020-12-03 02:44:10.341697','www.mysite.ru','userpass69','2020-12-03 02:44:10.341711','Student','free',2,2),
(11,'My description about life - User70','www.myavatar70.ru/9090','SPb','2008-05-30 08:20:12.121000','MIT University','user70@user.ru','User70',1,'LastNameUser70','2020-12-03 02:44:10.342131','www.mysite.ru','userpass70','2020-12-03 02:44:10.342144','Student','free',1,2),
(12,'My description about life - User71','www.myavatar71.ru/9090','SPb','2008-05-30 08:20:12.121000','MIT University','user71@user.ru','User71',1,'LastNameUser71','2020-12-03 02:44:10.342609','www.mysite.ru','userpass71','2020-12-03 02:44:10.342622','Student','free',2,2),
(13,'My description about life - User72','www.myavatar72.ru/9090','SPb','2008-05-30 08:20:12.121000','MIT University','user72@user.ru','User72',1,'LastNameUser72','2020-12-03 02:44:10.343082','www.mysite.ru','userpass72','2020-12-03 02:44:10.343096','Student','free',1,2),
(14,'My description about life - User73','www.myavatar73.ru/9090','SPb','2008-05-30 08:20:12.121000','MIT University','user73@user.ru','User73',1,'LastNameUser73','2020-12-03 02:44:10.343530','www.mysite.ru','userpass73','2020-12-03 02:44:10.343543','Student','free',2,2),
(15,'My description about life - User74','www.myavatar74.ru/9090','SPb','2008-05-30 08:20:12.121000','MIT University','user74@user.ru','User74',1,'LastNameUser74','2020-12-03 02:44:10.343968','www.mysite.ru','userpass74','2020-12-03 02:44:10.343981','Student','free',1,2),
(16,'My description about life - User75','www.myavatar75.ru/9090','SPb','2008-05-30 08:20:12.121000','MIT University','user75@user.ru','User75',1,'LastNameUser75','2020-12-03 02:44:10.344452','www.mysite.ru','userpass75','2020-12-03 02:44:10.344466','Student','free',2,2),
(17,'My description about life - User76','www.myavatar76.ru/9090','SPb','2008-05-30 08:20:12.121000','MIT University','user76@user.ru','User76',1,'LastNameUser76','2020-12-03 02:44:10.345005','www.mysite.ru','userpass76','2020-12-03 02:44:10.345020','Student','free',1,2),
(18,'My description about life - User77','www.myavatar77.ru/9090','SPb','2008-05-30 08:20:12.121000','MIT University','user77@user.ru','User77',1,'LastNameUser77','2020-12-03 02:44:10.345795','www.mysite.ru','userpass77','2020-12-03 02:44:10.345816','Student','free',2,2),
(19,'My description about life - User78','www.myavatar78.ru/9090','SPb','2008-05-30 08:20:12.121000','MIT University','user78@user.ru','User78',1,'LastNameUser78','2020-12-03 02:44:10.346420','www.mysite.ru','userpass78','2020-12-03 02:44:10.346434','Student','free',1,2),
(20,'My description about life - User79','www.myavatar79.ru/9090','SPb','2008-05-30 08:20:12.121000','MIT University','user79@user.ru','User79',1,'LastNameUser79','2020-12-03 02:44:10.346993','www.mysite.ru','userpass79','2020-12-03 02:44:10.347008','Student','free',2,2),
(21,'My description about life - User80','www.myavatar80.ru/9090','SPb','2008-05-30 08:20:12.121000','MIT University','user80@user.ru','User80',1,'LastNameUser80','2020-12-03 02:44:10.351715','www.mysite.ru','userpass80','2020-12-03 02:44:10.351739','Student','free',1,2),
(22,'My description about life - User81','www.myavatar81.ru/9090','SPb','2008-05-30 08:20:12.121000','MIT University','user81@user.ru','User81',1,'LastNameUser81','2020-12-03 02:44:10.352307','www.mysite.ru','userpass81','2020-12-03 02:44:10.352320','Student','free',2,2),
(23,'My description about life - User82','www.myavatar82.ru/9090','SPb','2008-05-30 08:20:12.121000','MIT University','user82@user.ru','User82',1,'LastNameUser82','2020-12-03 02:44:10.352744','www.mysite.ru','userpass82','2020-12-03 02:44:10.352757','Student','free',1,2),
(24,'My description about life - User83','www.myavatar83.ru/9090','SPb','2008-05-30 08:20:12.121000','MIT University','user83@user.ru','User83',1,'LastNameUser83','2020-12-03 02:44:10.353206','www.mysite.ru','userpass83','2020-12-03 02:44:10.353219','Student','free',2,2),
(25,'My description about life - User84','www.myavatar84.ru/9090','SPb','2008-05-30 08:20:12.121000','MIT University','user84@user.ru','User84',1,'LastNameUser84','2020-12-03 02:44:10.353701','www.mysite.ru','userpass84','2020-12-03 02:44:10.353714','Student','free',1,2),
(26,'My description about life - User85','www.myavatar85.ru/9090','SPb','2008-05-30 08:20:12.121000','MIT University','user85@user.ru','User85',1,'LastNameUser85','2020-12-03 02:44:10.354123','www.mysite.ru','userpass85','2020-12-03 02:44:10.354136','Student','free',2,2),
(27,'My description about life - User86','www.myavatar86.ru/9090','SPb','2008-05-30 08:20:12.121000','MIT University','user86@user.ru','User86',1,'LastNameUser86','2020-12-03 02:44:10.354706','www.mysite.ru','userpass86','2020-12-03 02:44:10.354723','Student','free',1,2),
(28,'My description about life - User87','www.myavatar87.ru/9090','SPb','2008-05-30 08:20:12.121000','MIT University','user87@user.ru','User87',1,'LastNameUser87','2020-12-03 02:44:10.355296','www.mysite.ru','userpass87','2020-12-03 02:44:10.355311','Student','free',2,2),
(29,'My description about life - User88','www.myavatar88.ru/9090','SPb','2008-05-30 08:20:12.121000','MIT University','user88@user.ru','User88',1,'LastNameUser88','2020-12-03 02:44:10.355790','www.mysite.ru','userpass88','2020-12-03 02:44:10.355813','Student','free',1,2),
(30,'My description about life - User89','www.myavatar89.ru/9090','SPb','2008-05-30 08:20:12.121000','MIT University','user89@user.ru','User89',1,'LastNameUser89','2020-12-03 02:44:10.356392','www.mysite.ru','userpass89','2020-12-03 02:44:10.356409','Student','free',2,2),
(31,'My description about life - User90','www.myavatar90.ru/9090','SPb','2008-05-30 08:20:12.121000','MIT University','user90@user.ru','User90',1,'LastNameUser90','2020-12-03 02:44:10.356875','www.mysite.ru','userpass90','2020-12-03 02:44:10.356895','Student','free',1,2),
(32,'My description about life - User91','www.myavatar91.ru/9090','SPb','2008-05-30 08:20:12.121000','MIT University','user91@user.ru','User91',1,'LastNameUser91','2020-12-03 02:44:10.357516','www.mysite.ru','userpass91','2020-12-03 02:44:10.357540','Student','free',2,2),
(33,'My description about life - User92','www.myavatar92.ru/9090','SPb','2008-05-30 08:20:12.121000','MIT University','user92@user.ru','User92',1,'LastNameUser92','2020-12-03 02:44:10.357987','www.mysite.ru','userpass92','2020-12-03 02:44:10.358000','Student','free',1,2),
(34,'My description about life - User93','www.myavatar93.ru/9090','SPb','2008-05-30 08:20:12.121000','MIT University','user93@user.ru','User93',1,'LastNameUser93','2020-12-03 02:44:10.358397','www.mysite.ru','userpass93','2020-12-03 02:44:10.358410','Student','free',2,2),
(35,'My description about life - User94','www.myavatar94.ru/9090','SPb','2008-05-30 08:20:12.121000','MIT University','user94@user.ru','User94',1,'LastNameUser94','2020-12-03 02:44:10.358818','www.mysite.ru','userpass94','2020-12-03 02:44:10.358831','Student','free',1,2),
(36,'My description about life - User95','www.myavatar95.ru/9090','SPb','2008-05-30 08:20:12.121000','MIT University','user95@user.ru','User95',1,'LastNameUser95','2020-12-03 02:44:10.359272','www.mysite.ru','userpass95','2020-12-03 02:44:10.359285','Student','free',2,2),
(37,'My description about life - User96','www.myavatar96.ru/9090','SPb','2008-05-30 08:20:12.121000','MIT University','user96@user.ru','User96',1,'LastNameUser96','2020-12-03 02:44:10.359709','www.mysite.ru','userpass96','2020-12-03 02:44:10.359722','Student','free',1,2),
(38,'My description about life - User97','www.myavatar97.ru/9090','SPb','2008-05-30 08:20:12.121000','MIT University','user97@user.ru','User97',1,'LastNameUser97','2020-12-03 02:44:10.360281','www.mysite.ru','userpass97','2020-12-03 02:44:10.360296','Student','free',2,2),
(39,'My description about life - User98','www.myavatar98.ru/9090','SPb','2008-05-30 08:20:12.121000','MIT University','user98@user.ru','User98',1,'LastNameUser98','2020-12-03 02:44:10.360686','www.mysite.ru','userpass98','2020-12-03 02:44:10.360699','Student','free',1,2),
(40,'My description about life - User99','www.myavatar99.ru/9090','SPb','2008-05-30 08:20:12.121000','MIT University','user99@user.ru','User99',1,'LastNameUser99','2020-12-03 02:44:10.361085','www.mysite.ru','userpass99','2020-12-03 02:44:10.361098','Student','free',2,2),
(41,'My description about life - User1','www.myavatar1.ru/9090','SPb','2008-05-30 08:20:12.121000','MIT University','user1@user.ru','User1',1,'LastNameUser1','2020-12-03 02:44:11.145734','www.mysite.ru','userpass1','2020-12-03 02:44:10.284652','Student','free',2,2),
(42,'My description about life - User2','www.myavatar2.ru/9090','SPb','2008-05-30 08:20:12.121000','MIT University','user2@user.ru','User2',1,'LastNameUser2','2020-12-03 02:44:11.146691','www.mysite.ru','userpass2','2020-12-03 02:44:10.285300','Student','free',1,2),
(43,'My description about life - User3','www.myavatar3.ru/9090','SPb','2008-05-30 08:20:12.121000','MIT University','user3@user.ru','User3',1,'LastNameUser3','2020-12-03 02:44:11.146892','www.mysite.ru','userpass3','2020-12-03 02:44:10.286017','Student','free',2,2),
(44,'My description about life - User4','www.myavatar4.ru/9090','SPb','2008-05-30 08:20:12.121000','MIT University','user4@user.ru','User4',1,'LastNameUser4','2020-12-03 02:44:11.147063','www.mysite.ru','userpass4','2020-12-03 02:44:10.287028','Student','free',1,2),
(45,'My description about life - User5','www.myavatar5.ru/9090','SPb','2008-05-30 08:20:12.121000','MIT University','user5@user.ru','User5',1,'LastNameUser5','2020-12-03 02:44:11.147229','www.mysite.ru','userpass5','2020-12-03 02:44:10.287605','Student','free',2,2),
(46,'My description about life - User6','www.myavatar6.ru/9090','SPb','2008-05-30 08:20:12.121000','MIT University','user6@user.ru','User6',1,'LastNameUser6','2020-12-03 02:44:11.147395','www.mysite.ru','userpass6','2020-12-03 02:44:10.288181','Student','free',1,2),
(47,'My description about life - User7','www.myavatar7.ru/9090','SPb','2008-05-30 08:20:12.121000','MIT University','user7@user.ru','User7',1,'LastNameUser7','2020-12-03 02:44:11.147574','www.mysite.ru','userpass7','2020-12-03 02:44:10.288750','Student','free',2,2),
(48,'My description about life - User8','www.myavatar8.ru/9090','SPb','2008-05-30 08:20:12.121000','MIT University','user8@user.ru','User8',1,'LastNameUser8','2020-12-03 02:44:11.147804','www.mysite.ru','userpass8','2020-12-03 02:44:10.289297','Student','free',1,2),
(49,'My description about life - User9','www.myavatar9.ru/9090','SPb','2008-05-30 08:20:12.121000','MIT University','user9@user.ru','User9',1,'LastNameUser9','2020-12-03 02:44:11.147994','www.mysite.ru','userpass9','2020-12-03 02:44:10.289829','Student','free',2,2),
(50,'My description about life - User10','www.myavatar10.ru/9090','SPb','2008-05-30 08:20:12.121000','MIT University','user10@user.ru','User10',1,'LastNameUser10','2020-12-03 02:44:11.148241','www.mysite.ru','userpass10','2020-12-03 02:44:10.290376','Student','free',1,2),
(51,'My description about life - User11','www.myavatar11.ru/9090','SPb','2008-05-30 08:20:12.121000','MIT University','user11@user.ru','User11',1,'LastNameUser11','2020-12-03 02:44:11.148501','www.mysite.ru','userpass11','2020-12-03 02:44:10.290987','Student','free',2,2),
(52,'My description about life - User12','www.myavatar12.ru/9090','SPb','2008-05-30 08:20:12.121000','MIT University','user12@user.ru','User12',1,'LastNameUser12','2020-12-03 02:44:11.148737','www.mysite.ru','userpass12','2020-12-03 02:44:10.291629','Student','free',1,2),
(53,'My description about life - User13','www.myavatar13.ru/9090','SPb','2008-05-30 08:20:12.121000','MIT University','user13@user.ru','User13',1,'LastNameUser13','2020-12-03 02:44:11.148989','www.mysite.ru','userpass13','2020-12-03 02:44:10.292213','Student','free',2,2),
(54,'My description about life - User14','www.myavatar14.ru/9090','SPb','2008-05-30 08:20:12.121000','MIT University','user14@user.ru','User14',1,'LastNameUser14','2020-12-03 02:44:11.149224','www.mysite.ru','userpass14','2020-12-03 02:44:10.292762','Student','free',1,2),
(55,'My description about life - User15','www.myavatar15.ru/9090','SPb','2008-05-30 08:20:12.121000','MIT University','user15@user.ru','User15',1,'LastNameUser15','2020-12-03 02:44:11.149478','www.mysite.ru','userpass15','2020-12-03 02:44:10.293416','Student','free',2,2),
(56,'My description about life - User16','www.myavatar16.ru/9090','SPb','2008-05-30 08:20:12.121000','MIT University','user16@user.ru','User16',1,'LastNameUser16','2020-12-03 02:44:11.149708','www.mysite.ru','userpass16','2020-12-03 02:44:10.294077','Student','free',1,2),
(57,'My description about life - User17','www.myavatar17.ru/9090','SPb','2008-05-30 08:20:12.121000','MIT University','user17@user.ru','User17',1,'LastNameUser17','2020-12-03 02:44:11.149937','www.mysite.ru','userpass17','2020-12-03 02:44:10.294612','Student','free',2,2),
(58,'My description about life - User18','www.myavatar18.ru/9090','SPb','2008-05-30 08:20:12.121000','MIT University','user18@user.ru','User18',1,'LastNameUser18','2020-12-03 02:44:11.150173','www.mysite.ru','userpass18','2020-12-03 02:44:10.295196','Student','free',1,2),
(59,'My description about life - User19','www.myavatar19.ru/9090','SPb','2008-05-30 08:20:12.121000','MIT University','user19@user.ru','User19',1,'LastNameUser19','2020-12-03 02:44:11.150395','www.mysite.ru','userpass19','2020-12-03 02:44:10.295789','Student','free',2,2),
(60,'My description about life - User20','www.myavatar20.ru/9090','SPb','2008-05-30 08:20:12.121000','MIT University','user20@user.ru','User20',1,'LastNameUser20','2020-12-03 02:44:11.150665','www.mysite.ru','userpass20','2020-12-03 02:44:10.304580','Student','free',1,2),
(61,'My description about life - User21','www.myavatar21.ru/9090','SPb','2008-05-30 08:20:12.121000','MIT University','user21@user.ru','User21',1,'LastNameUser21','2020-12-03 02:44:11.157488','www.mysite.ru','userpass21','2020-12-03 02:44:10.305375','Student','free',2,2),
(62,'My description about life - User22','www.myavatar22.ru/9090','SPb','2008-05-30 08:20:12.121000','MIT University','user22@user.ru','User22',1,'LastNameUser22','2020-12-03 02:44:11.157773','www.mysite.ru','userpass22','2020-12-03 02:44:10.306115','Student','free',1,2),
(63,'My description about life - User23','www.myavatar23.ru/9090','SPb','2008-05-30 08:20:12.121000','MIT University','user23@user.ru','User23',1,'LastNameUser23','2020-12-03 02:44:11.157924','www.mysite.ru','userpass23','2020-12-03 02:44:10.307370','Student','free',2,2),
(64,'My description about life - User24','www.myavatar24.ru/9090','SPb','2008-05-30 08:20:12.121000','MIT University','user24@user.ru','User24',1,'LastNameUser24','2020-12-03 02:44:11.158106','www.mysite.ru','userpass24','2020-12-03 02:44:10.308098','Student','free',1,2),
(65,'My description about life - User25','www.myavatar25.ru/9090','SPb','2008-05-30 08:20:12.121000','MIT University','user25@user.ru','User25',1,'LastNameUser25','2020-12-03 02:44:11.158284','www.mysite.ru','userpass25','2020-12-03 02:44:10.308627','Student','free',2,2),
(66,'My description about life - User26','www.myavatar26.ru/9090','SPb','2008-05-30 08:20:12.121000','MIT University','user26@user.ru','User26',1,'LastNameUser26','2020-12-03 02:44:11.158435','www.mysite.ru','userpass26','2020-12-03 02:44:10.309121','Student','free',1,2),
(67,'My description about life - User27','www.myavatar27.ru/9090','SPb','2008-05-30 08:20:12.121000','MIT University','user27@user.ru','User27',1,'LastNameUser27','2020-12-03 02:44:11.158688','www.mysite.ru','userpass27','2020-12-03 02:44:10.309739','Student','free',2,2),
(68,'My description about life - User28','www.myavatar28.ru/9090','SPb','2008-05-30 08:20:12.121000','MIT University','user28@user.ru','User28',1,'LastNameUser28','2020-12-03 02:44:11.158868','www.mysite.ru','userpass28','2020-12-03 02:44:10.310247','Student','free',1,2),
(69,'My description about life - User29','www.myavatar29.ru/9090','SPb','2008-05-30 08:20:12.121000','MIT University','user29@user.ru','User29',1,'LastNameUser29','2020-12-03 02:44:11.159026','www.mysite.ru','userpass29','2020-12-03 02:44:10.310725','Student','free',2,2),
(70,'My description about life - User30','www.myavatar30.ru/9090','SPb','2008-05-30 08:20:12.121000','MIT University','user30@user.ru','User30',1,'LastNameUser30','2020-12-03 02:44:11.159172','www.mysite.ru','userpass30','2020-12-03 02:44:10.311266','Student','free',1,2),
(71,'My description about life - User31','www.myavatar31.ru/9090','SPb','2008-05-30 08:20:12.121000','MIT University','user31@user.ru','User31',1,'LastNameUser31','2020-12-03 02:44:11.159319','www.mysite.ru','userpass31','2020-12-03 02:44:10.311776','Student','free',2,2),
(72,'My description about life - User32','www.myavatar32.ru/9090','SPb','2008-05-30 08:20:12.121000','MIT University','user32@user.ru','User32',1,'LastNameUser32','2020-12-03 02:44:11.159499','www.mysite.ru','userpass32','2020-12-03 02:44:10.312280','Student','free',1,2),
(73,'My description about life - User33','www.myavatar33.ru/9090','SPb','2008-05-30 08:20:12.121000','MIT University','user33@user.ru','User33',1,'LastNameUser33','2020-12-03 02:44:11.159673','www.mysite.ru','userpass33','2020-12-03 02:44:10.312730','Student','free',2,2),
(74,'My description about life - User34','www.myavatar34.ru/9090','SPb','2008-05-30 08:20:12.121000','MIT University','user34@user.ru','User34',1,'LastNameUser34','2020-12-03 02:44:11.159873','www.mysite.ru','userpass34','2020-12-03 02:44:10.313163','Student','free',1,2),
(75,'My description about life - User35','www.myavatar35.ru/9090','SPb','2008-05-30 08:20:12.121000','MIT University','user35@user.ru','User35',1,'LastNameUser35','2020-12-03 02:44:11.160081','www.mysite.ru','userpass35','2020-12-03 02:44:10.313601','Student','free',2,2),
(76,'My description about life - User36','www.myavatar36.ru/9090','SPb','2008-05-30 08:20:12.121000','MIT University','user36@user.ru','User36',1,'LastNameUser36','2020-12-03 02:44:11.160250','www.mysite.ru','userpass36','2020-12-03 02:44:10.314026','Student','free',1,2),
(77,'My description about life - User37','www.myavatar37.ru/9090','SPb','2008-05-30 08:20:12.121000','MIT University','user37@user.ru','User37',1,'LastNameUser37','2020-12-03 02:44:11.160430','www.mysite.ru','userpass37','2020-12-03 02:44:10.314610','Student','free',2,2),
(78,'My description about life - User38','www.myavatar38.ru/9090','SPb','2008-05-30 08:20:12.121000','MIT University','user38@user.ru','User38',1,'LastNameUser38','2020-12-03 02:44:11.160610','www.mysite.ru','userpass38','2020-12-03 02:44:10.315086','Student','free',1,2),
(79,'My description about life - User39','www.myavatar39.ru/9090','SPb','2008-05-30 08:20:12.121000','MIT University','user39@user.ru','User39',1,'LastNameUser39','2020-12-03 02:44:11.160776','www.mysite.ru','userpass39','2020-12-03 02:44:10.315781','Student','free',2,2),
(80,'My description about life - User40','www.myavatar40.ru/9090','SPb','2008-05-30 08:20:12.121000','MIT University','user40@user.ru','User40',1,'LastNameUser40','2020-12-03 02:44:11.160939','www.mysite.ru','userpass40','2020-12-03 02:44:10.321605','Student','free',1,2),
(81,'My description about life - User41','www.myavatar41.ru/9090','SPb','2008-05-30 08:20:12.121000','MIT University','user41@user.ru','User41',1,'LastNameUser41','2020-12-03 02:44:11.166295','www.mysite.ru','userpass41','2020-12-03 02:44:10.322240','Student','free',2,2),
(82,'My description about life - User42','www.myavatar42.ru/9090','SPb','2008-05-30 08:20:12.121000','MIT University','user42@user.ru','User42',1,'LastNameUser42','2020-12-03 02:44:11.166624','www.mysite.ru','userpass42','2020-12-03 02:44:10.322840','Student','free',1,2),
(83,'My description about life - User43','www.myavatar43.ru/9090','SPb','2008-05-30 08:20:12.121000','MIT University','user43@user.ru','User43',1,'LastNameUser43','2020-12-03 02:44:11.166771','www.mysite.ru','userpass43','2020-12-03 02:44:10.323606','Student','free',2,2),
(84,'My description about life - User44','www.myavatar44.ru/9090','SPb','2008-05-30 08:20:12.121000','MIT University','user44@user.ru','User44',1,'LastNameUser44','2020-12-03 02:44:11.166915','www.mysite.ru','userpass44','2020-12-03 02:44:10.324278','Student','free',1,2),
(85,'My description about life - User45','www.myavatar45.ru/9090','SPb','2008-05-30 08:20:12.121000','MIT University','user45@user.ru','User45',1,'LastNameUser45','2020-12-03 02:44:11.167058','www.mysite.ru','userpass45','2020-12-03 02:44:10.324894','Student','free',2,2),
(86,'My description about life - User46','www.myavatar46.ru/9090','SPb','2008-05-30 08:20:12.121000','MIT University','user46@user.ru','User46',1,'LastNameUser46','2020-12-03 02:44:11.167216','www.mysite.ru','userpass46','2020-12-03 02:44:10.325406','Student','free',1,2),
(87,'My description about life - User47','www.myavatar47.ru/9090','SPb','2008-05-30 08:20:12.121000','MIT University','user47@user.ru','User47',1,'LastNameUser47','2020-12-03 02:44:11.167384','www.mysite.ru','userpass47','2020-12-03 02:44:10.325952','Student','free',2,2),
(88,'My description about life - User48','www.myavatar48.ru/9090','SPb','2008-05-30 08:20:12.121000','MIT University','user48@user.ru','User48',1,'LastNameUser48','2020-12-03 02:44:11.167545','www.mysite.ru','userpass48','2020-12-03 02:44:10.326498','Student','free',1,2),
(89,'My description about life - User49','www.myavatar49.ru/9090','SPb','2008-05-30 08:20:12.121000','MIT University','user49@user.ru','User49',1,'LastNameUser49','2020-12-03 02:44:11.167767','www.mysite.ru','userpass49','2020-12-03 02:44:10.327304','Student','free',2,2),
(90,'My description about life - User50','www.myavatar50.ru/9090','SPb','2008-05-30 08:20:12.121000','MIT University','user50@user.ru','User50',1,'LastNameUser50','2020-12-03 02:44:11.167972','www.mysite.ru','userpass50','2020-12-03 02:44:10.327879','Student','free',1,2),
(91,'My description about life - User51','www.myavatar51.ru/9090','SPb','2008-05-30 08:20:12.121000','MIT University','user51@user.ru','User51',1,'LastNameUser51','2020-12-03 02:44:11.168682','www.mysite.ru','userpass51','2020-12-03 02:44:10.328419','Student','free',2,2),
(92,'My description about life - User52','www.myavatar52.ru/9090','SPb','2008-05-30 08:20:12.121000','MIT University','user52@user.ru','User52',1,'LastNameUser52','2020-12-03 02:44:11.168838','www.mysite.ru','userpass52','2020-12-03 02:44:10.328959','Student','free',1,2),
(93,'My description about life - User54','www.myavatar54.ru/9090','SPb','2008-05-30 08:20:12.121000','MIT University','user54@user.ru','User54',1,'LastNameUser54','2020-12-03 02:44:11.169132','www.mysite.ru','userpass54','2020-12-03 02:44:10.329870','Student','free',1,2),
(94,'My description about life - User55','www.myavatar55.ru/9090','SPb','2008-05-30 08:20:12.121000','MIT University','user55@user.ru','User55',1,'LastNameUser55','2020-12-03 02:44:11.169297','www.mysite.ru','userpass55','2020-12-03 02:44:10.330367','Student','free',2,2),
(95,'My description about life - User56','www.myavatar56.ru/9090','SPb','2008-05-30 08:20:12.121000','MIT University','user56@user.ru','User56',1,'LastNameUser56','2020-12-03 02:44:11.169474','www.mysite.ru','userpass56','2020-12-03 02:44:10.330926','Student','free',1,2),
(96,'My description about life - User57','www.myavatar57.ru/9090','SPb','2008-05-30 08:20:12.121000','MIT University','user57@user.ru','User57',1,'LastNameUser57','2020-12-03 02:44:11.169721','www.mysite.ru','userpass57','2020-12-03 02:44:10.331379','Student','free',2,2),
(97,'My description about life - User58','www.myavatar58.ru/9090','SPb','2008-05-30 08:20:12.121000','MIT University','user58@user.ru','User58',1,'LastNameUser58','2020-12-03 02:44:11.169957','www.mysite.ru','userpass58','2020-12-03 02:44:10.331822','Student','free',1,2),
(98,'My description about life - User59','www.myavatar59.ru/9090','SPb','2008-05-30 08:20:12.121000','MIT University','user59@user.ru','User59',1,'LastNameUser59','2020-12-03 02:44:11.170167','www.mysite.ru','userpass59','2020-12-03 02:44:10.332340','Student','free',2,2),
(99,'My description about life - User60','www.myavatar60.ru/9090','SPb','2008-05-30 08:20:12.121000','MIT University','user60@user.ru','User60',1,'LastNameUser60','2020-12-03 02:44:11.170378','www.mysite.ru','userpass60','2020-12-03 02:44:10.337026','Student','free',1,2),
(100,'My description about life - User53','www.myavatar53.ru/9090','SPb','2008-05-30 08:20:12.121000','MIT University','user53@user.ru','User53',1,'LastNameUser53','2020-12-03 02:44:11.523455','www.mysite.ru','userpass53','2020-12-03 02:44:10.329421','Student','free',2,2);

insert into language (id, name) values (1, 'RUSSIAN'), (2, 'ENGLISH');

insert into followers (id, follower_id, user_id)
values
(1,62,1),(2,65,99),(3,60,89),(4,81,42),(5,71,35),(6,63,6),(7,75,20),(8,34,21),(9,18,92),(10,24,72),(11,59,86),(12,92,46),
(13,13,24),(14,5,55),(15,31,51),(16,13,21),(17,72,27),(18,7,53),(19,65,57),(20,69,14),(21,94,69),(22,69,86),(23,8,34),(24,27,64),
(25,77,49),(26,97,97),(27,9,81),(28,4,30),(29,61,84),(30,75,87),(31,39,78),(32,40,17),(33,97,77),(34,79,42),(35,26,84),(36,69,97),
(37,67,54),(38,25,78),(39,10,22),(40,45,94),(41,57,58),(42,86,75),(43,17,78),(44,77,51),(45,45,52),(46,80,55),(47,92,47),(48,86,59),
(49,3,77),(50,14,70),(51,53,94),(52,76,8),(53,13,46),(54,13,87),(55,44,40),(56,71,50),(57,87,89),(58,14,74),(59,97,58),(60,86,28),
(61,17,68),(62,64,38),(63,53,86),(64,21,74),(65,84,31),(66,56,56),(67,72,43),(68,81,19),(69,40,78),(70,11,30),(71,53,17),(72,2,40),
(73,98,56),(74,78,18),(75,41,88),(76,87,36),(77,28,100),(78,23,36),(79,78,85),(80,11,32),(81,22,59),(82,92,57),(83,47,82),(84,49,27),
(85,83,8),(86,21,16),(87,96,89),(88,28,49),(89,76,20),(90,88,11),(91,56,9),(92,5,81),(93,83,77),(94,47,70),(95,76,40),(96,23,68),
(97,19,25),(98,90,22),(99,53,67),(100,20,21),(101,61,97),(102,17,55),(103,27,55),(104,42,78),(105,18,28),(106,16,9),(107,49,46),
(108,43,88),(109,15,48),(110,88,96),(111,82,21),(112,36,35),(113,100,75),(114,73,56),(115,50,81),(116,24,87),(117,68,23),(118,23,84),
(119,65,57),(120,69,100),(121,38,72),(122,80,97),(123,19,52),(124,30,13),(125,80,30),(126,47,48),(127,68,67),(128,81,60),(129,86,18),
(130,14,32),(131,4,82),(132,43,35),(133,87,88),(134,19,23),(135,37,86),(136,21,16),(137,82,73),(138,65,12),(139,74,64),(140,65,77),
(141,94,79),(142,88,97),(143,66,6),(144,22,56),(145,87,13),(146,57,96),(147,12,84),(148,77,45),(149,25,94),(150,64,50),(151,96,13),
(152,74,23),(153,77,90),(154,42,58),(155,94,91),(156,23,43),(157,78,55),(158,81,62),(159,26,92),(160,30,31),(161,95,99),(162,68,40),
(163,69,49),(164,46,53),(165,80,10),(166,56,19),(167,8,48),(168,84,89),(169,91,54),(170,35,91),(171,91,34),(172,51,94),(173,30,9),
(174,65,6),(175,88,85),(176,19,36),(177,4,44),(178,99,49),(179,54,20),(180,15,46),(181,30,69),(182,96,70),(183,21,20),(184,7,39),
(185,40,30),(186,97,89),(187,8,13),(188,17,53),(189,31,95),(190,37,90),(191,99,37),(192,77,36),(193,99,5),(194,91,22),(195,36,63),
(196,37,90),(197,42,12),(198,9,5),(199,3,81),(200,55,28),(201,94,95),(202,36,68),(203,45,37),(204,59,18),(205,70,26),(206,67,45),
(207,32,8),(208,42,8),(209,6,36),(210,88,78),(211,9,52),(212,39,82),(213,16,27),(214,48,48),(215,69,42),(216,87,55),(217,39,61),
(218,24,22),(219,11,89),(220,86,27),(221,95,14),(222,45,52),(223,38,20),(224,91,56),(225,27,5),(226,90,21),(227,56,60),(228,11,28),
(229,1,35),(230,70,69),(231,57,27),(232,5,93),(233,25,92),(234,75,73),(235,83,41),(236,79,51),(237,92,84),(238,35,65),(239,32,20),
(240,56,63),(241,42,42),(242,19,96),(243,33,88),(244,36,41),(245,91,92),(246,99,96),(247,12,50),(248,82,52),(249,80,77),(250,23,71),
(251,22,88),(252,34,9),(253,74,82),(254,68,56),(255,94,69),(256,73,55),(257,7,17),(258,19,6),(259,77,16),(260,35,72),(261,38,18),
(262,35,83),(263,7,32),(264,31,50),(265,23,8),(266,27,95),(267,77,13),(268,17,94),(269,23,13),(270,67,78),(271,5,74),(272,45,99),
(273,83,22),(274,73,17),(275,45,74),(276,46,61),(277,78,42),(278,72,82),(279,81,18),(280,71,33),(281,99,89),(282,8,94),(283,50,70),
(284,61,59),(285,28,7),(286,71,59),(287,81,19),(288,37,29),(289,2,8),(290,57,22),(291,71,50),(292,22,10),(293,15,93),(294,64,49),
(295,12,48),(296,41,99),(297,69,77),(298,8,45),(299,56,7),(300,68,85),(301,67,12),(302,13,20),(303,76,37),(304,100,75),(305,1,24),
(306,3,5),(307,52,8),(308,50,86),(309,30,97),(310,94,80),(311,98,30),(312,31,67),(313,83,36),(314,72,40),(315,28,91),(316,53,8),
(317,11,12),(318,98,15),(319,71,10),(320,84,56),(321,34,100),(322,93,43),(323,60,37),(324,10,53),(325,7,4),(326,78,57),(327,88,43),
(328,29,48),(329,13,19),(330,61,95),(331,33,81),(332,2,51),(333,40,59),(334,37,98),(335,10,80),(336,67,57),(337,99,7),(338,96,33),
(339,74,33),(340,40,16),(341,65,37),(342,91,35),(343,9,80),(344,12,58),(345,92,84),(346,78,96),(347,28,11),(348,54,97),(349,2,52),
(350,60,27),(351,46,99),(352,87,59),(353,9,46),(354,96,31),(355,46,93),(356,1,2),(357,26,84),(358,24,38),(359,38,94),(360,45,52),
(361,91,26),(362,34,46),(363,28,96),(364,28,72),(365,86,16),(366,8,57),(367,33,94),(368,90,81),(369,51,33),(370,73,35),(371,78,47),
(372,98,59),(373,95,90),(374,53,98),(375,96,86),(376,17,82),(377,4,33),(378,27,58),(379,5,89),(380,41,54),(381,27,20),(382,99,7),
(383,15,63),(384,66,51),(385,53,93),(386,94,78),(387,41,97),(388,38,88),(389,89,87),(390,53,12),(391,68,3),(392,87,77),(393,70,74),(394,50,66),
(395,8,20),(396,87,24),(397,22,22),(398,68,13),(399,65,89),(400,21,2),(401,9,70),(402,44,55),(403,2,7),(404,85,89),(405,55,50),(406,19,4),
(407,32,76),(408,78,51),(409,26,13),(410,36,63),(411,15,95),(412,11,21),(413,90,33),(414,81,23),(415,1,92),(416,63,90),(417,34,28),(418,57,69),
(419,89,83),(420,82,39),(421,50,73),(422,12,49),(423,33,79),(424,70,42),(425,62,32),(426,94,57),(427,2,20),(428,26,36),(429,47,7),
(430,21,20),(431,52,91),(432,31,44),(433,49,6),(434,3,7),(435,80,22),(436,99,93),(437,24,72),(438,49,94),(439,78,6),(440,39,62),
(441,33,96),(442,24,60),(443,45,11),(444,49,24),(445,4,54),(446,61,53),(447,77,3),(448,25,34),(449,89,96),(450,69,34),(451,4,42),(452,94,20),
(453,27,16),(454,3,19),(455,47,69),(456,6,84),(457,61,48),(458,90,98),(459,40,82),(460,66,44),(461,88,89),(462,95,21),(463,85,55),(464,83,62),
(465,33,36),(466,95,20),(467,79,70),(468,76,35),(469,57,74),(470,17,2),(471,38,51),(472,25,49),(473,100,97),(474,84,51),(475,47,23),(476,16,24),
(477,8,87),(478,69,43),(479,90,37),(480,76,90),(481,58,24),(482,12,91),(483,83,34),(484,12,93),(485,22,6),(486,73,1),(487,28,40),
(488,81,99),(489,65,72),(490,69,7),(491,72,9),(492,96,45),(493,14,81),(494,43,96),(495,34,61),(496,17,83),(497,32,76),(498,9,96),(499,23,91),
(500,47,90);

insert into friends (id, friend_id, user_id)
values
(1,94,55),(2,31,35),(3,17,15),(4,37,53),(5,50,100),(6,74,69),(7,69,82),(8,61,51),(9,53,89),(10,54,36),(11,9,81),(12,88,33),(13,72,63),
(14,37,88),(15,19,71),(16,72,74),(17,1,98),(18,3,58),(19,42,76),(20,46,16),(21,44,87),(22,92,44),(23,31,33),(24,93,100),(25,32,72),(26,20,48),
(27,53,66),(28,23,6),(29,39,18),(30,22,74),(31,91,34),(32,3,17),(33,43,28),(34,10,12),(35,27,58),(36,69,70),(37,20,71),(38,44,75),
(39,11,39),(40,100,57),(41,31,96),(42,46,97),(43,76,21),(44,67,76),(45,91,43),(46,99,73),(47,18,50),(48,79,71),(49,98,71),(50,34,90),
(51,62,61),(52,48,36),(53,89,89),(54,74,39),(55,8,50),(56,55,29),(57,89,37),(58,16,46),(59,86,43),(60,6,23),(61,64,1),(62,30,85),(63,96,80),
(64,72,93),(65,76,78),(66,34,64),(67,14,43),(68,47,24),(69,14,98),(70,84,95),(71,38,13),(72,72,53),(73,42,82),(74,48,93),(75,87,1),(76,34,45),
(77,7,56),(78,93,45),(79,27,57),(80,44,22),(81,65,84),(82,85,69),(83,64,65),(84,49,59),(85,51,95),(86,81,45),(87,92,71),(88,31,23),(89,81,34),
(90,64,88),(91,41,71),(92,73,7),(93,59,22),(94,65,82),(95,66,94),(96,59,47),(97,57,98),(98,45,19),(99,3,60),(100,73,30),(101,49,60),(102,48,91),(103,29,93),
(104,33,69),(105,45,90),(106,55,48),(107,59,39),(108,99,81),(109,49,6),(110,89,5),(111,43,31),(112,25,48),(113,42,23),(114,41,53),(115,17,27),
(116,15,46),(117,44,25),(118,42,47),(119,71,27),(120,51,94),(121,33,89),(122,90,26),(123,20,91),(124,97,45),(125,10,6),(126,88,11),(127,68,80),
(128,46,18),(129,38,88),(130,86,5),(131,35,45),(132,15,50),(133,97,74),(134,15,57),(135,57,58),(136,99,26),(137,41,52),(138,38,78),(139,10,56),
(140,1,81),(141,20,51),(142,2,25),(143,91,36),(144,20,29),(145,36,28),(146,24,86),(147,68,28),(148,54,25),(149,53,72),(150,54,44),(151,89,31),
(152,37,81),(153,30,65),(154,27,82),(155,88,100),(156,94,13),(157,77,47),(158,40,62),(159,66,70),(160,41,27),(161,83,58),(162,82,14),(163,99,79),
(164,73,43),(165,17,97),(166,65,84),(167,25,58),(168,78,84),(169,8,84),(170,15,53),(171,83,80),(172,57,57),(173,98,22),(174,70,11),(175,53,77),
(176,44,41),(177,81,5),(178,77,44),(179,81,98),(180,11,43),(181,60,28),(182,55,4),(183,82,81),(184,63,82),(185,45,61),(186,95,8),(187,5,15),(188,3,17),
(189,30,18),(190,25,1),(191,42,37),(192,62,27),(193,8,35),(194,17,48),(195,63,93),(196,72,17),(197,66,27),(198,64,4),(199,82,40),(200,19,2),(201,20,95),
(202,32,39),(203,84,48),(204,67,79),(205,100,5),(206,35,47),(207,96,94),(208,14,24),(209,73,27),(210,44,94),(211,54,25),(212,29,32),(213,70,71),(214,4,11),
(215,4,70),(216,55,21),(217,69,20),(218,92,26),(219,48,42),(220,57,56),(221,62,5),(222,87,6),(223,31,89),(224,13,52),(225,94,60),(226,8,77),(227,91,73),(228,28,81),
(229,53,98),(230,34,45),(231,66,36),(232,4,78),(233,86,90),(234,44,57),(235,99,50),(236,76,38),(237,51,61),(238,13,57),(239,3,73),(240,12,24),(241,94,35),
(242,41,48),(243,53,40),(244,1,48),(245,42,77),(246,54,28),(247,48,75),(248,51,100),(249,34,29),(250,49,100),(251,47,23),(252,78,75),(253,36,17),(254,89,28),
(255,41,85),(256,56,79),(257,32,3),(258,90,89),(259,82,55),(260,29,6),(261,48,3),(262,33,91),(263,18,74),(264,25,20),(265,74,65),(266,91,39),
(267,32,36),(268,55,92),(269,95,25),(270,79,52),(271,91,37),(272,78,54),(273,44,43),(274,42,8),(275,1,36),(276,38,34),(277,17,20),(278,41,41),
(279,90,72),(280,86,24),(281,43,24),(282,30,50),(283,7,54),(284,38,13),(285,92,84),(286,88,46),(287,89,22),(288,3,70),(289,33,49),(290,94,43),
(291,91,39),(292,16,66),(293,17,71),(294,37,24),(295,19,80),(296,58,83),(297,34,20),(298,74,70),(299,20,10),(300,26,24),(301,53,2),(302,45,85),
(303,56,58),(304,84,44),(305,59,42),(306,50,26),(307,98,66),(308,53,64),(309,41,70),(310,51,23),(311,99,36),(312,73,18),(313,6,91),(314,100,74),(315,36,3),
(316,44,56),(317,95,68),(318,17,18),(319,26,48),(320,76,34),(321,70,17),(322,23,25),(323,63,82),(324,58,6),(325,47,100),(326,16,84),(327,15,76),
(328,46,34),(329,32,55),(330,37,55),(331,74,41),(332,28,91),(333,77,79),(334,35,2),(335,86,64),(336,9,93),(337,52,2),(338,81,56),(339,66,50),(340,1,10),
(341,5,9),(342,6,70),(343,81,40),(344,77,11),(345,53,76),(346,85,30),(347,78,100),(348,20,95),(349,54,58),(350,58,67),(351,59,65),(352,4,74),(353,3,52),
(354,20,93),(355,57,12),(356,36,78),(357,82,15),(358,11,25),(359,47,89),(360,71,93),(361,75,80),(362,38,62),(363,5,67),(364,8,81),(365,84,25),(366,59,97),
(367,94,33),(368,15,26),(369,34,70),(370,38,12),(371,54,70),(372,45,75),(373,56,21),(374,34,74),(375,93,64),(376,100,30),(377,75,76),(378,4,28),(379,39,22),
(380,76,81),(381,44,74),(382,29,48),(383,100,31),(384,85,45),(385,98,38),(386,63,48),(387,75,20),(388,10,11),(389,41,37),(390,11,55),(391,77,54),(392,38,5),
(393,44,14),(394,37,80),(395,42,91),(396,89,64),(397,74,90),(398,8,72),(399,52,95),(400,35,38),(401,43,85),(402,90,8),(403,87,79),(404,92,67),(405,44,99),
(406,55,60),(407,84,96),(408,29,37),(409,47,54),(410,85,72),(411,12,50),(412,95,65),(413,46,76),(414,50,91),(415,44,55),(416,74,5),(417,74,88),(418,40,65),
(419,91,69),(420,7,48),(421,51,24),(422,36,10),(423,19,11),(424,45,66),(425,17,83),(426,68,70),(427,75,88),(428,58,44),(429,62,18),(430,8,75),(431,10,52),(432,41,59),
(433,73,71),(434,53,22),(435,22,3),(436,55,1),(437,34,59),(438,60,50),(439,13,36),(440,74,89),(441,57,34),(442,81,20),(443,9,20),(444,9,67),
(445,68,62),(446,33,57),(447,79,19),(448,60,66),(449,12,61),(450,13,60),(451,78,99),(452,96,16),(453,76,7),(454,10,83),(455,60,14),(456,76,4),(457,94,37),
(458,21,19),(459,72,12),(460,32,16),(461,7,37),(462,19,65),(463,28,58),(464,30,3),(465,4,43),(466,66,46),(467,79,42),(468,43,47),(469,1,25),(470,77,9),
(471,80,89),(472,91,90),(473,34,6),(474,37,27),(475,85,44),(476,68,19),(477,75,72),(478,51,89),(479,38,59),(480,38,51),(481,88,58),(482,11,1),
(483,40,30),(484,70,61),(485,43,84),(486,43,98),(487,97,34),(488,61,13),(489,41,37),(490,12,91),(491,12,89),(492,45,13),(493,36,72),(494,99,62),
(495,6,37),(496,100,14),(497,23,13),(498,67,41),(499,74,80),(500,70,99);

