insert into media (id, media_type, persist_date, url, user_id)
values
(75, 0, '2020-12-03 03:22:35.144537', 'www.myimage.ru', 15),(8, 0, '2020-12-03 03:22:35.130731', 'www.myimage.ru', 47),
(9, 0, '2020-12-03 03:22:35.130898', 'www.myimage.ru', 48),(69, 0, '2020-12-03 03:22:35.144049', 'www.myimage.ru', 9),
(12, 0, '2020-12-03 03:22:35.131207', 'www.myimage.ru', 51),(14, 0, '2020-12-03 03:22:35.131392', 'www.myimage.ru', 53),
(15, 0, '2020-12-03 03:22:35.131498', 'www.myimage.ru', 54),(17, 0, '2020-12-03 03:22:35.131672', 'www.myimage.ru', 56),
(18, 0, '2020-12-03 03:22:35.131758', 'www.myimage.ru', 57),(20, 0, '2020-12-03 03:22:35.131979', 'www.myimage.ru', 59),
(72, 0, '2020-12-03 03:22:35.144304', 'www.myimage.ru', 12),(23, 0, '2020-12-03 03:22:35.135661', 'www.myimage.ru', 62),
(24, 0, '2020-12-03 03:22:35.135747', 'www.myimage.ru', 63),(3, 0, '2020-12-03 03:22:35.129592', 'www.myimage.ru', 42),
(27, 0, '2020-12-03 03:22:35.136006', 'www.myimage.ru', 66),(74, 0, '2020-12-03 03:22:35.144459', 'www.myimage.ru', 14),
(29, 0, '2020-12-03 03:22:35.136207', 'www.myimage.ru', 68),(30, 0, '2020-12-03 03:22:35.136301', 'www.myimage.ru', 69),
(32, 0, '2020-12-03 03:22:35.136556', 'www.myimage.ru', 71),(33, 0, '2020-12-03 03:22:35.136662', 'www.myimage.ru', 72),
(35, 0, '2020-12-03 03:22:35.136839', 'www.myimage.ru', 74),(38, 0, '2020-12-03 03:22:35.137069', 'www.myimage.ru', 77),
(39, 0, '2020-12-03 03:22:35.137159', 'www.myimage.ru', 78),(77, 0, '2020-12-03 03:22:35.144694', 'www.myimage.ru', 17),
(42, 0, '2020-12-03 03:22:35.139162', 'www.myimage.ru', 81),(78, 0, '2020-12-03 03:22:35.144771', 'www.myimage.ru', 18),
(44, 0, '2020-12-03 03:22:35.139348', 'www.myimage.ru', 83),(45, 0, '2020-12-03 03:22:35.139441', 'www.myimage.ru', 84),
(47, 0, '2020-12-03 03:22:35.139660', 'www.myimage.ru', 86),(48, 0, '2020-12-03 03:22:35.139749', 'www.myimage.ru', 87),
(50, 0, '2020-12-03 03:22:35.139957', 'www.myimage.ru', 89),(62, 0, '2020-12-03 03:22:35.143485', 'www.myimage.ru', 2),
(53, 0, '2020-12-03 03:22:35.140320', 'www.myimage.ru', 92),(80, 0, '2020-12-03 03:22:35.144941', 'www.myimage.ru', 20),
(57, 0, '2020-12-03 03:22:35.140687', 'www.myimage.ru', 95),(59, 0, '2020-12-03 03:22:35.140882', 'www.myimage.ru', 97),
(60, 0, '2020-12-03 03:22:35.140985', 'www.myimage.ru', 98),(54, 0, '2020-12-03 03:22:35.140412', 'www.myimage.ru', 100),
(63, 0, '2020-12-03 03:22:35.143565', 'www.myimage.ru', 3),(83, 0, '2020-12-03 03:22:35.147217', 'www.myimage.ru', 23),
(84, 0, '2020-12-03 03:22:35.147344', 'www.myimage.ru', 24),(2, 0, '2020-12-03 03:22:35.129481', 'www.myimage.ru', 41),
(87, 0, '2020-12-03 03:22:35.147710', 'www.myimage.ru', 27),(65, 0, '2020-12-03 03:22:35.143723', 'www.myimage.ru', 5),
(89, 0, '2020-12-03 03:22:35.147957', 'www.myimage.ru', 29),(90, 0, '2020-12-03 03:22:35.148103', 'www.myimage.ru', 30),
(92, 0, '2020-12-03 03:22:35.148361', 'www.myimage.ru', 32),(93, 0, '2020-12-03 03:22:35.148492', 'www.myimage.ru', 33),
(95, 0, '2020-12-03 03:22:35.148739', 'www.myimage.ru', 35),(5, 0, '2020-12-03 03:22:35.129797', 'www.myimage.ru', 44),
(98, 0, '2020-12-03 03:22:35.149015', 'www.myimage.ru', 38),(99, 0, '2020-12-03 03:22:35.149105', 'www.myimage.ru', 39),
(68, 0, '2020-12-03 03:22:35.143957', 'www.myimage.ru', 8),(36, 1, '2020-12-03 03:22:35.136916', 'www.myaudio.ru', 75),
(76, 1, '2020-12-03 03:22:35.144616', 'www.myaudio.ru', 16),(6, 1, '2020-12-03 03:22:35.129896', 'www.myaudio.ru', 45),
(81, 1, '2020-12-03 03:22:35.146925', 'www.myaudio.ru', 21),(71, 1, '2020-12-03 03:22:35.144225', 'www.myaudio.ru', 11),
(41, 1, '2020-12-03 03:22:35.139024', 'www.myaudio.ru', 80),(91, 1, '2020-12-03 03:22:35.148233', 'www.myaudio.ru', 31),
(61, 1, '2020-12-03 03:22:35.143352', 'www.myaudio.ru', 99),(31, 1, '2020-12-03 03:22:35.136447', 'www.myaudio.ru', 70),
(16, 1, '2020-12-03 03:22:35.131585', 'www.myaudio.ru', 55),(46, 1, '2020-12-03 03:22:35.139571', 'www.myaudio.ru', 85),
(66, 1, '2020-12-03 03:22:35.143800', 'www.myaudio.ru', 6),(21, 1, '2020-12-03 03:22:35.135401', 'www.myaudio.ru', 60),
(1, 1, '2020-12-03 03:22:35.129130', 'www.myaudio.ru', 1),(96, 1, '2020-12-03 03:22:35.148843', 'www.myaudio.ru', 36),
(51, 1, '2020-12-03 03:22:35.140120', 'www.myaudio.ru', 90),(86, 1, '2020-12-03 03:22:35.147589', 'www.myaudio.ru', 26),
(11, 1, '2020-12-03 03:22:35.131115', 'www.myaudio.ru', 50),(26, 1, '2020-12-03 03:22:35.135920', 'www.myaudio.ru', 65),
(56, 1, '2020-12-03 03:22:35.140592', 'www.myaudio.ru', 94),(49, 2, '2020-12-03 03:22:35.139841', 'www.myvideo.ru', 88),
(4, 2, '2020-12-03 03:22:35.129700', 'www.myvideo.ru', 43),(7, 2, '2020-12-03 03:22:35.130000', 'www.myvideo.ru', 46),
(64, 2, '2020-12-03 03:22:35.143644', 'www.myvideo.ru', 4),(67, 2, '2020-12-03 03:22:35.143879', 'www.myvideo.ru', 7),
(70, 2, '2020-12-03 03:22:35.144136', 'www.myvideo.ru', 10),(73, 2, '2020-12-03 03:22:35.144381', 'www.myvideo.ru', 13),
(79, 2, '2020-12-03 03:22:35.144861', 'www.myvideo.ru', 19),(82, 2, '2020-12-03 03:22:35.147095', 'www.myvideo.ru', 22),
(85, 2, '2020-12-03 03:22:35.147465', 'www.myvideo.ru', 25),(88, 2, '2020-12-03 03:22:35.147831', 'www.myvideo.ru', 28),
(94, 2, '2020-12-03 03:22:35.148622', 'www.myvideo.ru', 34),(97, 2, '2020-12-03 03:22:35.148930', 'www.myvideo.ru', 37),
(100, 2, '2020-12-03 03:22:35.149205', 'www.myvideo.ru', 40),(10, 2, '2020-12-03 03:22:35.131000', 'www.myvideo.ru', 49),
(13, 2, '2020-12-03 03:22:35.131300', 'www.myvideo.ru', 52),(19, 2, '2020-12-03 03:22:35.131860', 'www.myvideo.ru', 58),
(22, 2, '2020-12-03 03:22:35.135573', 'www.myvideo.ru', 61),(25, 2, '2020-12-03 03:22:35.135833', 'www.myvideo.ru', 64),
(28, 2, '2020-12-03 03:22:35.136120', 'www.myvideo.ru', 67),(34, 2, '2020-12-03 03:22:35.136759', 'www.myvideo.ru', 73),
(37, 2, '2020-12-03 03:22:35.136992', 'www.myvideo.ru', 76),(40, 2, '2020-12-03 03:22:35.137248', 'www.myvideo.ru', 79),
(43, 2, '2020-12-03 03:22:35.139255', 'www.myvideo.ru', 82),(52, 2, '2020-12-03 03:22:35.140232', 'www.myvideo.ru', 91),
(55, 2, '2020-12-03 03:22:35.140499', 'www.myvideo.ru', 93),(58, 2, '2020-12-03 03:22:35.140777', 'www.myvideo.ru', 96);

insert into audios (album, author, icon, length, name, media_id)
values
('AlbumTestName 0', 'Test Author 0', 'TestIcon0', 238, 'AudioTestName 0', 1),('AlbumTestName 5', 'Test Author 5', 'TestIcon5', 238, 'AudioTestName 5', 6),
('AlbumTestName 10', 'Test Author 10', 'TestIcon10', 238, 'AudioTestName 10', 11),('AlbumTestName 15', 'Test Author 15', 'TestIcon15', 238, 'AudioTestName 15', 16),
('AlbumTestName 20', 'Test Author 20', 'TestIcon20', 238, 'AudioTestName 20', 21),('AlbumTestName 25', 'Test Author 25', 'TestIcon25', 238, 'AudioTestName 25', 26),
('AlbumTestName 30', 'Test Author 30', 'TestIcon30', 238, 'AudioTestName 30', 31),('AlbumTestName 35', 'Test Author 35', 'TestIcon35', 238, 'AudioTestName 35', 36),
('AlbumTestName 40', 'Test Author 40', 'TestIcon40', 238, 'AudioTestName 40', 41),('AlbumTestName 45', 'Test Author 45', 'TestIcon45', 238, 'AudioTestName 45', 46),
('AlbumTestName 50', 'Test Author 50', 'TestIcon50', 238, 'AudioTestName 50', 51),('AlbumTestName 55', 'Test Author 55', 'TestIcon55', 238, 'AudioTestName 55', 56),
('AlbumTestName 60', 'Test Author 60', 'TestIcon60', 238, 'AudioTestName 60', 61),('AlbumTestName 65', 'Test Author 65', 'TestIcon65', 238, 'AudioTestName 65', 66),
('AlbumTestName 70', 'Test Author 70', 'TestIcon70', 238, 'AudioTestName 70', 71),('AlbumTestName 75', 'Test Author 75', 'TestIcon75', 238, 'AudioTestName 75', 76),
('AlbumTestName 80', 'Test Author 80', 'TestIcon80', 238, 'AudioTestName 80', 81),('AlbumTestName 85', 'Test Author 85', 'TestIcon85', 238, 'AudioTestName 85', 86),
('AlbumTestName 90', 'Test Author 90', 'TestIcon90', 238, 'AudioTestName 90', 91),('AlbumTestName 95', 'Test Author 95', 'TestIcon95', 238, 'AudioTestName 95', 96);

insert into videos (author, icon, name, media_id)
values
('Test Author3', 'New Test Icon video 3', 'Test video 3', 4),('Test Author6', 'New Test Icon video 6', 'Test video 6', 7),
('Test Author9', 'New Test Icon video 9', 'Test video 9', 10),('Test Author12', 'New Test Icon video 12', 'Test video 12', 13),
('Test Author18', 'New Test Icon video 18', 'Test video 18', 19),('Test Author21', 'New Test Icon video 21', 'Test video 21', 22),
('Test Author24', 'New Test Icon video 24', 'Test video 24', 25),('Test Author27', 'New Test Icon video 27', 'Test video 27', 28),
('Test Author33', 'New Test Icon video 33', 'Test video 33', 34),('Test Author36', 'New Test Icon video 36', 'Test video 36', 37),
('Test Author39', 'New Test Icon video 39', 'Test video 39', 40),('Test Author42', 'New Test Icon video 42', 'Test video 42', 43),
('Test Author48', 'New Test Icon video 48', 'Test video 48', 49),('Test Author51', 'New Test Icon video 51', 'Test video 51', 52),
('Test Author54', 'New Test Icon video 54', 'Test video 54', 55),('Test Author57', 'New Test Icon video 57', 'Test video 57', 58),
('Test Author63', 'New Test Icon video 63', 'Test video 63', 64),('Test Author66', 'New Test Icon video 66', 'Test video 66', 67),
('Test Author69', 'New Test Icon video 69', 'Test video 69', 70),('Test Author72', 'New Test Icon video 72', 'Test video 72', 73),
('Test Author78', 'New Test Icon video 78', 'Test video 78', 79),('Test Author81', 'New Test Icon video 81', 'Test video 81', 82),
('Test Author84', 'New Test Icon video 84', 'Test video 84', 85),('Test Author87', 'New Test Icon video 87', 'Test video 87', 88),
('Test Author93', 'New Test Icon video 93', 'Test video 93', 94),('Test Author96', 'New Test Icon video 96', 'Test video 96', 97),
('Test Author99', 'New Test Icon video 99', 'Test video 99', 100);

insert into images (description, media_id) values
('Image Media Test File 1',2),('Image Media Test File 2',3),('Image Media Test File 4',5),('Image Media Test File 7',8),
('Image Media Test File 8',9),('Image Media Test File 11',12),('Image Media Test File 13',14),('Image Media Test File 14',15),
('Image Media Test File 16',17),('Image Media Test File 17',18),('Image Media Test File 19',20),('Image Media Test File 22',23),
('Image Media Test File 23',24),('Image Media Test File 26',27),('Image Media Test File 28',29),('Image Media Test File 29',30),
('Image Media Test File 31',32),('Image Media Test File 32',33),('Image Media Test File 34',35),('Image Media Test File 37',38),
('Image Media Test File 38',39),('Image Media Test File 41',42),('Image Media Test File 43',44),('Image Media Test File 44',45),
('Image Media Test File 46',47),('Image Media Test File 47',48),('Image Media Test File 49',50),('Image Media Test File 52',53),
('Image Media Test File 53',54),('Image Media Test File 56',57),('Image Media Test File 58',59),('Image Media Test File 59',60),
('Image Media Test File 61',62),('Image Media Test File 62',63),('Image Media Test File 64',65),('Image Media Test File 67',68),
('Image Media Test File 68',69),('Image Media Test File 71',72),('Image Media Test File 73',74),('Image Media Test File 74',75),
('Image Media Test File 76',77),('Image Media Test File 77',78),('Image Media Test File 79',80),('Image Media Test File 82',83),
('Image Media Test File 83',84),('Image Media Test File 86',87),('Image Media Test File 88',89),('Image Media Test File 89',90),
('Image Media Test File 91',92),('Image Media Test File 92',93),('Image Media Test File 94',95),('Image Media Test File 97',98),
('Image Media Test File 98',99);

insert into playlists (playlist_id, image, name, persist_date, user_id) values
(1,'image1', 'playlistName1', '2020-12-03 03:22:35.697358', 100),
(2,'image2', 'playlistName2', '2020-12-03 03:22:35.697648', 100),
(3,'image3', 'playlistName3', '2020-12-03 03:22:35.697712', 100),
(4,'image4', 'playlistName4', '2020-12-03 03:22:35.697772', 100),
(5,'image5', 'playlistName5', '2020-12-03 03:22:35.697830', 100);

