insert into topics (id, topic) values
(1,'Тема 1'),(2,'Тема 2'),(3,'Тема 3'),(4,'Тема 4'),(5,'Тема 5'),(6,'Тема 6'),(7,'Тема 7'),(8,'Тема 8'),(9,'Тема 9'),
(10,'Тема 10'),(11,'Тема 11'),(12,'Тема 12'),(13,'Тема 13'),(14,'Тема 14'),(15,'Тема 15'),(16,'Тема 16'),(17,'Тема 17'),
(18,'Тема 18'),(19,'Тема 19'),(20,'Тема 20'),(21,'Тема 21'),(22,'Тема 22'),(23,'Тема 23'),(24,'Тема 24'),(25,'Тема 25'),
(26,'Тема 26'),(27,'Тема 27'),(28,'Тема 28'),(29,'Тема 29'),(30,'Тема 30'),(31,'Тема 31'),(32,'Тема 32'),(33,'Тема 33'),
(34,'Тема 34'),(35,'Тема 35'),(36,'Тема 36'),(37,'Тема 37'),(38,'Тема 38'),(39,'Тема 39'),(40,'Тема 40'),(41,'Тема 41'),
(42,'Тема 42'),(43,'Тема 43'),(44,'Тема 44'),(45,'Тема 45'),(46,'Тема 46'),(47,'Тема 47'),(48,'Тема 48'),(49,'Тема 49'),
(50,'Тема 50'),(51,'Тема 51'),(52,'Тема 52'),(53,'Тема 53'),(54,'Тема 54'),(55,'Тема 55'),(56,'Тема 56'),(57,'Тема 57'),
(58,'Тема 58'),(59,'Тема 59'),(60,'Тема 60'),(61,'Тема 61'),(62,'Тема 62'),(63,'Тема 63'),(64,'Тема 64'),(65,'Тема 65'),
(66,'Тема 66'),(67,'Тема 67'),(68,'Тема 68'),(69,'Тема 69'),(70,'Тема 70'),(71,'Тема 71'),(72,'Тема 72'),(73,'Тема 73'),
(74,'Тема 74'),(75,'Тема 75'),(76,'Тема 76'),(77,'Тема 77'),(78,'Тема 78'),(79,'Тема 79'),(80,'Тема 80'),(81,'Тема 81'),
(82,'Тема 82'),(83,'Тема 83'),(84,'Тема 84'),(85,'Тема 85'),(86,'Тема 86'),(87,'Тема 87'),(88,'Тема 88'),(89,'Тема 89'),
(90,'Тема 90'),(91,'Тема 91'),(92,'Тема 92'),(93,'Тема 93'),(94,'Тема 94'),(95,'Тема 95'),(96,'Тема 96'),(97,'Тема 97'),
(98,'Тема 98'),(99,'Тема 99'),(100,'Тема 100');

insert into tags (id, text) values
(1,'This is 0 tag'),(2,'This is 1 tag'),(3,'This is 2 tag'),(4,'This is 3 tag'),(5,'This is 4 tag'),(6,'This is 5 tag'),
(7,'This is 6 tag'),(8,'This is 7 tag'),(9,'This is 8 tag'),(10,'This is 9 tag'),(11,'This is 10 tag'),(12,'This is 11 tag'),
(13,'This is 12 tag'),(14,'This is 13 tag'),(15,'This is 14 tag'),(16,'This is 15 tag'),(17,'This is 16 tag'),
(18,'This is 17 tag'),(19,'This is 18 tag'),(20,'This is 19 tag'),(21,'This is 20 tag'),(22,'This is 21 tag'),
(23,'This is 22 tag'),(24,'This is 23 tag'),(25,'This is 24 tag'),(26,'This is 25 tag'),(27,'This is 26 tag'),(28,'This is 27 tag'),
(29,'This is 28 tag'),(30,'This is 29 tag'),(31,'This is 30 tag'),(32,'This is 31 tag'),(33,'This is 32 tag'),(34,'This is 33 tag'),
(35,'This is 34 tag'),(36,'This is 35 tag'),(37,'This is 36 tag'),(38,'This is 37 tag'),(39,'This is 38 tag'),(40,'This is 39 tag'),
(41,'This is 40 tag'),(42,'This is 41 tag'),(43,'This is 42 tag'),(44,'This is 43 tag'),(45,'This is 44 tag'),(46,'This is 45 tag'),
(47,'This is 46 tag'),(48,'This is 47 tag'),(49,'This is 48 tag'),(50,'This is 49 tag'),(51,'This is 50 tag'),
(52,'This is 51 tag'),(53,'This is 52 tag'),(54,'This is 53 tag'),(55,'This is 54 tag'),(56,'This is 55 tag'),(57,'This is 56 tag'),
(58,'This is 57 tag'),(59,'This is 58 tag'),(60,'This is 59 tag'),(61,'This is 60 tag'),(62,'This is 61 tag'),(63,'This is 62 tag'),
(64,'This is 63 tag'),(65,'This is 64 tag'),(66,'This is 65 tag'),(67,'This is 66 tag'),(68,'This is 67 tag'),(69,'This is 68 tag'),
(70,'This is 69 tag'),(71,'This is 70 tag'),(72,'This is 71 tag'),(73,'This is 72 tag'),(74,'This is 73 tag'),
(75,'This is 74 tag'),(76,'This is 75 tag'),(77,'This is 76 tag'),(78,'This is 77 tag'),(79,'This is 78 tag'),(80,'This is 79 tag'),
(81,'This is 80 tag'),(82,'This is 81 tag'),(83,'This is 82 tag'),(84,'This is 83 tag'),(85,'This is 84 tag'),(86,'This is 85 tag'),
(87,'This is 86 tag'),(88,'This is 87 tag'),(89,'This is 88 tag'),(90,'This is 89 tag'),(91,'This is 90 tag'),(92,'This is 91 tag'),
(93,'This is 92 tag'),(94,'This is 93 tag'),(95,'This is 94 tag'),(96,'This is 95 tag'),(97,'This is 96 tag'),(98,'This is 97 tag'),
(99,'This is 98 tag'),(100,'This is 99 tag');

insert into posts (id, last_redaction_date, persist_date, text, title, user_id, topic_id) values
(1,'2020-12-02 15:36:04.357900', '2020-12-02 15:36:04.357913', 'There is the 4 text of this post', 'The 4 test post',22,1),
(2,'2020-12-02 15:36:04.358289', '2020-12-02 15:36:04.358295', 'There is the 1 text of this post', 'The 1 test post',20,2),
(3,'2020-12-02 15:36:04.358480', '2020-12-02 15:36:04.358486', 'There is the 3 text of this post', 'The 3 test post',65,3),
(4,'2020-12-02 15:36:04.358670', '2020-12-02 15:36:04.358676', 'There is the 2 text of this post', 'The 2 test post',75,4),
(5,'2020-12-02 15:36:04.358858', '2020-12-02 15:36:04.358864', 'There is the 0 text of this post', 'The 0 test post',47,5),
(6,'2020-12-02 15:36:04.359427', '2020-12-02 15:36:04.359434', 'There is the 8 text of this post', 'The 8 test post',70,6),
(7,'2020-12-02 15:36:04.359623', '2020-12-02 15:36:04.359629', 'There is the 5 text of this post', 'The 5 test post',69,7),
(8,'2020-12-02 15:36:04.359816', '2020-12-02 15:36:04.359822', 'There is the 9 text of this post', 'The 9 test post',95,8),
(9,'2020-12-02 15:36:04.360006', '2020-12-02 15:36:04.360013', 'There is the 6 text of this post', 'The 6 test post',39,9),
(10,'2020-12-02 15:36:04.360222', '2020-12-02 15:36:04.360229', 'There is the 7 text of this post', 'The 7 test post',29,10),
(11,'2020-12-02 15:36:04.360452', '2020-12-02 15:36:04.360458', 'There is the 14 text of this post', 'The 14 test post',64,11),
(12,'2020-12-02 15:36:04.360640', '2020-12-02 15:36:04.360646', 'There is the 11 text of this post', 'The 11 test post',65,12),
(13,'2020-12-02 15:36:04.360830', '2020-12-02 15:36:04.360836', 'There is the 12 text of this post', 'The 12 test post',1,13),
(14,'2020-12-02 15:36:04.361017', '2020-12-02 15:36:04.361023', 'There is the 13 text of this post', 'The 13 test post',56,14),
(15,'2020-12-02 15:36:04.361252', '2020-12-02 15:36:04.361258', 'There is the 10 text of this post', 'The 10 test post',50,15),
(16,'2020-12-02 15:36:04.361441', '2020-12-02 15:36:04.361447', 'There is the 15 text of this post', 'The 15 test post',18,16),
(17,'2020-12-02 15:36:04.361627', '2020-12-02 15:36:04.361633', 'There is the 16 text of this post', 'The 16 test post',77,17),
(18,'2020-12-02 15:36:04.361813', '2020-12-02 15:36:04.361819', 'There is the 19 text of this post', 'The 19 test post',88,18),
(19,'2020-12-02 15:36:04.362005', '2020-12-02 15:36:04.362011', 'There is the 18 text of this post', 'The 18 test post',50,19),
(20,'2020-12-02 15:36:04.362193', '2020-12-02 15:36:04.362199', 'There is the 17 text of this post', 'The 17 test post',9,20),
(21,'2020-12-02 15:36:04.366503', '2020-12-02 15:36:04.366516', 'There is the 23 text of this post', 'The 23 test post',7,21),
(22,'2020-12-02 15:36:04.366765', '2020-12-02 15:36:04.366771', 'There is the 22 text of this post', 'The 22 test post',75,22),
(23,'2020-12-02 15:36:04.366932', '2020-12-02 15:36:04.366937', 'There is the 21 text of this post', 'The 21 test post',85,23),
(24,'2020-12-02 15:36:04.367097', '2020-12-02 15:36:04.367103', 'There is the 20 text of this post', 'The 20 test post',64,24),
(25,'2020-12-02 15:36:04.367261', '2020-12-02 15:36:04.367267', 'There is the 24 text of this post', 'The 24 test post',95,25),
(26,'2020-12-02 15:36:04.367425', '2020-12-02 15:36:04.367431', 'There is the 28 text of this post', 'The 28 test post',81,26),
(27,'2020-12-02 15:36:04.367620', '2020-12-02 15:36:04.367626', 'There is the 25 text of this post', 'The 25 test post',9,27),
(28,'2020-12-02 15:36:04.367785', '2020-12-02 15:36:04.367791', 'There is the 26 text of this post', 'The 26 test post',16,28),
(29,'2020-12-02 15:36:04.367948', '2020-12-02 15:36:04.367953', 'There is the 27 text of this post', 'The 27 test post',39,29),
(30,'2020-12-02 15:36:04.368137', '2020-12-02 15:36:04.368142', 'There is the 29 text of this post', 'The 29 test post',53,30),
(31,'2020-12-02 15:36:04.368289', '2020-12-02 15:36:04.368294', 'There is the 31 text of this post', 'The 31 test post',60,31),
(32,'2020-12-02 15:36:04.368439', '2020-12-02 15:36:04.368444', 'There is the 30 text of this post', 'The 30 test post',75,32),
(33,'2020-12-02 15:36:04.368596', '2020-12-02 15:36:04.368602', 'There is the 34 text of this post', 'The 34 test post',41,33),
(34,'2020-12-02 15:36:04.368758', '2020-12-02 15:36:04.368764', 'There is the 33 text of this post', 'The 33 test post',62,34),
(35,'2020-12-02 15:36:04.368920', '2020-12-02 15:36:04.368926', 'There is the 32 text of this post', 'The 32 test post',54,35),
(36,'2020-12-02 15:36:04.369133', '2020-12-02 15:36:04.369168', 'There is the 35 text of this post', 'The 35 test post',94,36),
(37,'2020-12-02 15:36:04.369413', '2020-12-02 15:36:04.369418', 'There is the 38 text of this post', 'The 38 test post',9,37),
(38,'2020-12-02 15:36:04.369583', '2020-12-02 15:36:04.369590', 'There is the 36 text of this post', 'The 36 test post',86,38),
(39,'2020-12-02 15:36:04.369736', '2020-12-02 15:36:04.369741', 'There is the 37 text of this post', 'The 37 test post',10,39),
(40,'2020-12-02 15:36:04.369885', '2020-12-02 15:36:04.369890', 'There is the 39 text of this post', 'The 39 test post',39,40),
(41,'2020-12-02 15:36:04.371989', '2020-12-02 15:36:04.372011', 'There is the 40 text of this post', 'The 40 test post',45,41),
(42,'2020-12-02 15:36:04.372293', '2020-12-02 15:36:04.372296', 'There is the 41 text of this post', 'The 41 test post',10,42),
(43,'2020-12-02 15:36:04.372713', '2020-12-02 15:36:04.372718', 'There is the 42 text of this post', 'The 42 test post',80,43),
(44,'2020-12-02 15:36:04.372909', '2020-12-02 15:36:04.372913', 'There is the 44 text of this post', 'The 44 test post',13,44),
(45,'2020-12-02 15:36:04.373071', '2020-12-02 15:36:04.373073', 'There is the 43 text of this post', 'The 43 test post',61,45),
(46,'2020-12-02 15:36:04.373201', '2020-12-02 15:36:04.373203', 'There is the 48 text of this post', 'The 48 test post',91,46),
(47,'2020-12-02 15:36:04.373329', '2020-12-02 15:36:04.373332', 'There is the 47 text of this post', 'The 47 test post',43,47),
(48,'2020-12-02 15:36:04.373457', '2020-12-02 15:36:04.373459', 'There is the 45 text of this post', 'The 45 test post',4,48),
(49,'2020-12-02 15:36:04.373584', '2020-12-02 15:36:04.373586', 'There is the 49 text of this post', 'The 49 test post',71,49),
(50,'2020-12-02 15:36:04.373750', '2020-12-02 15:36:04.373752', 'There is the 46 text of this post', 'The 46 test post',47,50),
(51,'2020-12-02 15:36:04.373921', '2020-12-02 15:36:04.373923', 'There is the 51 text of this post', 'The 51 test post',96,51),
(52,'2020-12-02 15:36:04.374051', '2020-12-02 15:36:04.374053', 'There is the 54 text of this post', 'The 54 test post',70,52),
(53,'2020-12-02 15:36:04.374185', '2020-12-02 15:36:04.374187', 'There is the 52 text of this post', 'The 52 test post',22,53),
(54,'2020-12-02 15:36:04.374307', '2020-12-02 15:36:04.374310', 'There is the 50 text of this post', 'The 50 test post',29,54),
(55,'2020-12-02 15:36:04.374445', '2020-12-02 15:36:04.374447', 'There is the 53 text of this post', 'The 53 test post',73,55),
(56,'2020-12-02 15:36:04.374577', '2020-12-02 15:36:04.374580', 'There is the 58 text of this post', 'The 58 test post',69,56),
(57,'2020-12-02 15:36:04.374699', '2020-12-02 15:36:04.374701', 'There is the 55 text of this post', 'The 55 test post',10,57),
(58,'2020-12-02 15:36:04.374819', '2020-12-02 15:36:04.374821', 'There is the 57 text of this post', 'The 57 test post',65,58),
(59,'2020-12-02 15:36:04.374939', '2020-12-02 15:36:04.374941', 'There is the 59 text of this post', 'The 59 test post',35,59),
(60,'2020-12-02 15:36:04.375060', '2020-12-02 15:36:04.375062', 'There is the 56 text of this post', 'The 56 test post',66,60),
(61,'2020-12-02 15:36:04.377229', '2020-12-02 15:36:04.377234', 'There is the 64 text of this post', 'The 64 test post',49,61),
(62,'2020-12-02 15:36:04.377433', '2020-12-02 15:36:04.377436', 'There is the 63 text of this post', 'The 63 test post',33,62),
(63,'2020-12-02 15:36:04.377553', '2020-12-02 15:36:04.377555', 'There is the 61 text of this post', 'The 61 test post',15,63),
(64,'2020-12-02 15:36:04.377685', '2020-12-02 15:36:04.377688', 'There is the 62 text of this post', 'The 62 test post',18,64),
(65,'2020-12-02 15:36:04.377804', '2020-12-02 15:36:04.377806', 'There is the 60 text of this post', 'The 60 test post',95,65),
(66,'2020-12-02 15:36:04.377921', '2020-12-02 15:36:04.377923', 'There is the 69 text of this post', 'The 69 test post',22,66),
(67,'2020-12-02 15:36:04.378057', '2020-12-02 15:36:04.378059', 'There is the 65 text of this post', 'The 65 test post',7,67),
(68,'2020-12-02 15:36:04.378169', '2020-12-02 15:36:04.378172', 'There is the 68 text of this post', 'The 68 test post',54,68),
(69,'2020-12-02 15:36:04.378281', '2020-12-02 15:36:04.378283', 'There is the 66 text of this post', 'The 66 test post',52,69),
(70,'2020-12-02 15:36:04.378460', '2020-12-02 15:36:04.378463', 'There is the 67 text of this post', 'The 67 test post',7,70),
(71,'2020-12-02 15:36:04.378568', '2020-12-02 15:36:04.378570', 'There is the 71 text of this post', 'The 71 test post',85,71),
(72,'2020-12-02 15:36:04.378672', '2020-12-02 15:36:04.378674', 'There is the 72 text of this post', 'The 72 test post',18,72),
(73,'2020-12-02 15:36:04.378776', '2020-12-02 15:36:04.378778', 'There is the 70 text of this post', 'The 70 test post',3,73),
(74,'2020-12-02 15:36:04.378880', '2020-12-02 15:36:04.378883', 'There is the 73 text of this post', 'The 73 test post',78,74),
(75,'2020-12-02 15:36:04.378985', '2020-12-02 15:36:04.378987', 'There is the 74 text of this post', 'The 74 test post',36,75),
(76,'2020-12-02 15:36:04.379089', '2020-12-02 15:36:04.379091', 'There is the 79 text of this post', 'The 79 test post',91,76),
(77,'2020-12-02 15:36:04.379193', '2020-12-02 15:36:04.379196', 'There is the 76 text of this post', 'The 76 test post',91,77),
(78,'2020-12-02 15:36:04.379329', '2020-12-02 15:36:04.379332', 'There is the 77 text of this post', 'The 77 test post',27,78),
(79,'2020-12-02 15:36:04.379458', '2020-12-02 15:36:04.379460', 'There is the 75 text of this post', 'The 75 test post',46,79),
(80,'2020-12-02 15:36:04.379576', '2020-12-02 15:36:04.379579', 'There is the 78 text of this post', 'The 78 test post',32,80),
(81,'2020-12-02 15:36:04.382211', '2020-12-02 15:36:04.382218', 'There is the 82 text of this post', 'The 82 test post',9,81),
(82,'2020-12-02 15:36:04.382383', '2020-12-02 15:36:04.382385', 'There is the 81 text of this post', 'The 81 test post',4,82),
(83,'2020-12-02 15:36:04.382483', '2020-12-02 15:36:04.382485', 'There is the 83 text of this post', 'The 83 test post',28,83),
(84,'2020-12-02 15:36:04.382595', '2020-12-02 15:36:04.382597', 'There is the 80 text of this post', 'The 80 test post',20,84),
(85,'2020-12-02 15:36:04.382708', '2020-12-02 15:36:04.382711', 'There is the 84 text of this post', 'The 84 test post',90,85),
(86,'2020-12-02 15:36:04.382807', '2020-12-02 15:36:04.382809', 'There is the 85 text of this post', 'The 85 test post',1,86),
(87,'2020-12-02 15:36:04.382904', '2020-12-02 15:36:04.382907', 'There is the 89 text of this post', 'The 89 test post',61,87),
(88,'2020-12-02 15:36:04.383002', '2020-12-02 15:36:04.383004', 'There is the 86 text of this post', 'The 86 test post',60,88),
(89,'2020-12-02 15:36:04.383099', '2020-12-02 15:36:04.383101', 'There is the 87 text of this post', 'The 87 test post',38,89),
(90,'2020-12-02 15:36:04.383196', '2020-12-02 15:36:04.383198', 'There is the 88 text of this post', 'The 88 test post',77,90),
(91,'2020-12-02 15:36:04.383293', '2020-12-02 15:36:04.383295', 'There is the 92 text of this post', 'The 92 test post',81,91),
(92,'2020-12-02 15:36:04.383390', '2020-12-02 15:36:04.383392', 'There is the 93 text of this post', 'The 93 test post',84,92),
(93,'2020-12-02 15:36:04.383504', '2020-12-02 15:36:04.383507', 'There is the 94 text of this post', 'The 94 test post',76,93),
(94,'2020-12-02 15:36:04.383627', '2020-12-02 15:36:04.383630', 'There is the 90 text of this post', 'The 90 test post',80,94),
(95,'2020-12-02 15:36:04.383741', '2020-12-02 15:36:04.383744', 'There is the 91 text of this post', 'The 91 test post',55,95),
(96,'2020-12-02 15:36:04.383853', '2020-12-02 15:36:04.383855', 'There is the 95 text of this post', 'The 95 test post',44,96),
(97,'2020-12-02 15:36:04.383963', '2020-12-02 15:36:04.383966', 'There is the 99 text of this post', 'The 99 test post',35,97),
(98,'2020-12-02 15:36:04.384123', '2020-12-02 15:36:04.384125', 'There is the 96 text of this post', 'The 96 test post',97,98),
(99,'2020-12-02 15:36:04.384241', '2020-12-02 15:36:04.384243', 'There is the 97 text of this post', 'The 97 test post',22,99),
(100,'2020-12-02 15:36:04.384358', '2020-12-02 15:36:04.384361', 'There is the 98 text of this post', 'The 98 test post',6,100);

insert into bookmarks (id, persist_date, post_id, user_id) values
(1,'2020-12-02 15:36:04.693556', 5,1),(2,'2020-12-02 15:36:04.693826', 3,1),(3,'2020-12-02 15:36:04.693910', 2,41),
(4,'2020-12-02 15:36:04.693991', 1,41),(5,'2020-12-02 15:36:04.694080', 4,42),(6,'2020-12-02 15:36:04.694163', 7,42),
(7,'2020-12-02 15:36:04.694239', 3,43),(8,'2020-12-02 15:36:04.694320', 9,43),(9,'2020-12-02 15:36:04.694396', 1,44),
(10,'2020-12-02 15:36:04.694472', 10,44),(11,'2020-12-02 15:36:04.694548', 7,45),(12,'2020-12-02 15:36:04.694628', 6,45),
(13,'2020-12-02 15:36:04.694707', 9,46),(14,'2020-12-02 15:36:04.694786', 8,46),(15,'2020-12-02 15:36:04.694866', 10,47),
(16,'2020-12-02 15:36:04.694945', 15,47),(17,'2020-12-02 15:36:04.695024', 6,48),(18,'2020-12-02 15:36:04.695103', 12,48),
(19,'2020-12-02 15:36:04.695183', 8,49),(20,'2020-12-02 15:36:04.695262', 13,49),(21,'2020-12-02 15:36:04.699269', 15,50),
(22,'2020-12-02 15:36:04.699445', 14,50),(23,'2020-12-02 15:36:04.699559', 12,51),(24,'2020-12-02 15:36:04.699673', 11,51),
(25,'2020-12-02 15:36:04.699783', 13,52),(26,'2020-12-02 15:36:04.699884', 16,52),(27,'2020-12-02 15:36:04.699965', 14,53),
(28,'2020-12-02 15:36:04.700054', 17,53),(29,'2020-12-02 15:36:04.700141', 11,54),(30,'2020-12-02 15:36:04.700222', 20,54),
(31,'2020-12-02 15:36:04.700299', 16,55),(32,'2020-12-02 15:36:04.700376', 19,55),(33,'2020-12-02 15:36:04.700452', 17,56),
(34,'2020-12-02 15:36:04.700526', 18,56),(35,'2020-12-02 15:36:04.700602', 20,57),(36,'2020-12-02 15:36:04.700676', 24,57),
(37,'2020-12-02 15:36:04.700750', 19,58),(38,'2020-12-02 15:36:04.700825', 23,58),(39,'2020-12-02 15:36:04.700900', 18,59),
(40,'2020-12-02 15:36:04.700975', 22,59),(41,'2020-12-02 15:36:04.703484', 24,60),(42,'2020-12-02 15:36:04.703625', 21,60),
(43,'2020-12-02 15:36:04.703696', 23,61),(44,'2020-12-02 15:36:04.703765', 25,61),(45,'2020-12-02 15:36:04.703833', 22,62),
(46,'2020-12-02 15:36:04.703901', 27,62),(47,'2020-12-02 15:36:04.703978', 21,63),(48,'2020-12-02 15:36:04.704086', 28,63),
(49,'2020-12-02 15:36:04.704168', 25,64),(50,'2020-12-02 15:36:04.704246', 29,64),(51,'2020-12-02 15:36:04.704327', 27,65),
(52,'2020-12-02 15:36:04.704409', 26,65),(53,'2020-12-02 15:36:04.704487', 28,66),(54,'2020-12-02 15:36:04.704568', 30,66),
(55,'2020-12-02 15:36:04.704646', 29,67),(56,'2020-12-02 15:36:04.704725', 32,67),(57,'2020-12-02 15:36:04.704803', 26,68),
(58,'2020-12-02 15:36:04.704877', 31,68),(59,'2020-12-02 15:36:04.704956', 30,69),(60,'2020-12-02 15:36:04.705028', 35,69),
(61,'2020-12-02 15:36:04.707953', 32,70),(62,'2020-12-02 15:36:04.708116', 34,70),(63,'2020-12-02 15:36:04.708186', 31,71),
(64,'2020-12-02 15:36:04.708252', 33,71),(65,'2020-12-02 15:36:04.708316', 35,72),(66,'2020-12-02 15:36:04.708380', 36,72),
(67,'2020-12-02 15:36:04.708445', 34,73),(68,'2020-12-02 15:36:04.708508', 38,73),(69,'2020-12-02 15:36:04.708572', 33,74),
(70,'2020-12-02 15:36:04.708636', 39,74),(71,'2020-12-02 15:36:04.708700', 36,75),(72,'2020-12-02 15:36:04.708765', 37,75),
(73,'2020-12-02 15:36:04.708830', 38,76),(74,'2020-12-02 15:36:04.708894', 40,76),(75,'2020-12-02 15:36:04.708958', 39,77),
(76,'2020-12-02 15:36:04.709022', 41,77),(77,'2020-12-02 15:36:04.709086', 37,78),(78,'2020-12-02 15:36:04.709150', 42,78),
(79,'2020-12-02 15:36:04.709214', 40,79),(80,'2020-12-02 15:36:04.709277', 43,79),(81,'2020-12-02 15:36:04.712099', 41,80),
(82,'2020-12-02 15:36:04.712169', 45,80),(83,'2020-12-02 15:36:04.712226', 42,81),(84,'2020-12-02 15:36:04.712290', 44,81),
(85,'2020-12-02 15:36:04.712348', 43,82),(86,'2020-12-02 15:36:04.712405', 48,82),(87,'2020-12-02 15:36:04.712460', 45,83),
(88,'2020-12-02 15:36:04.712516', 50,83),(89,'2020-12-02 15:36:04.712578', 44,84),(90,'2020-12-02 15:36:04.712647', 47,84),
(91,'2020-12-02 15:36:04.712706', 48,85),(92,'2020-12-02 15:36:04.712761', 46,85),(93,'2020-12-02 15:36:04.712817', 50,86),
(94,'2020-12-02 15:36:04.712872', 49,86),(95,'2020-12-02 15:36:04.712927', 47,87),(96,'2020-12-02 15:36:04.712983', 54,87),
(97,'2020-12-02 15:36:04.713039', 46,88),(98,'2020-12-02 15:36:04.713094', 51,88),(99,'2020-12-02 15:36:04.713149', 49,89),
(100,'2020-12-02 15:36:04.713205', 53,89);

insert into reposts (id, post_id, user_id) values
(1, 1, 2),(2, 2, 3),(3, 2, 4),(4, 2, 5),(5, 3, 6),(6, 3, 7),(7, 3, 8),(8, 4, 9),
(9, 4, 10),(10, 4, 11),(11, 6, 12),(12, 7, 12),(13, 8, 12);

insert into user_tabs (id, persist_date, post_id, user_id) values
(1,'2020-12-03 03:22:35.213137', 1,43),(2,'2020-12-03 03:22:35.211897', 2,1),(3,'2020-12-03 03:22:35.213204', 3,44),(4,'2020-12-03 03:22:35.212996', 4,41),
(5,'2020-12-03 03:22:35.213069', 5,42),(6,'2020-12-03 03:22:35.213568', 6,49),(7,'2020-12-03 03:22:35.213408', 7,47),(8,'2020-12-03 03:22:35.213271', 8,45),
(9,'2020-12-03 03:22:35.213339', 9,46),(10,'2020-12-03 03:22:35.213475', 10,48),(11,'2020-12-03 03:22:35.213896', 11,53),(12,'2020-12-03 03:22:35.213724', 12,51),
(13,'2020-12-03 03:22:35.213984', 13,54),(14,'2020-12-03 03:22:35.213651', 14,50),(15,'2020-12-03 03:22:35.213800', 15,52),(16,'2020-12-03 03:22:35.214270', 16,58),
(17,'2020-12-03 03:22:35.214201', 17,57),(18,'2020-12-03 03:22:35.214132', 18,56),(19,'2020-12-03 03:22:35.214055', 19,55),(20,'2020-12-03 03:22:35.214337', 20,59),
(21,'2020-12-03 03:22:35.219312', 21,60),(22,'2020-12-03 03:22:35.219534', 22,62),(23,'2020-12-03 03:22:35.219668', 23,64),(24,'2020-12-03 03:22:35.219602', 24,63),
(25,'2020-12-03 03:22:35.219465', 25,61),(26,'2020-12-03 03:22:35.219734', 26,65),(27,'2020-12-03 03:22:35.219867', 27,67),(28,'2020-12-03 03:22:35.219933', 28,68),
(29,'2020-12-03 03:22:35.219801', 29,66),(30,'2020-12-03 03:22:35.219999', 30,69),(31,'2020-12-03 03:22:35.220114', 31,70),(32,'2020-12-03 03:22:35.220183', 32,71),
(33,'2020-12-03 03:22:35.220351', 33,73),(34,'2020-12-03 03:22:35.220273', 34,72),(35,'2020-12-03 03:22:35.220440', 35,74),(36,'2020-12-03 03:22:35.220574', 36,76),
(37,'2020-12-03 03:22:35.220512', 37,75),(38,'2020-12-03 03:22:35.221488', 38,79),(39,'2020-12-03 03:22:35.220722', 39,78),(40,'2020-12-03 03:22:35.220650', 40,77),
(41,'2020-12-03 03:22:35.225299', 41,81),(42,'2020-12-03 03:22:35.225183', 42,80),(43,'2020-12-03 03:22:35.225371', 43,82),(44,'2020-12-03 03:22:35.225512', 44,84),
(45,'2020-12-03 03:22:35.225442', 45,83),(46,'2020-12-03 03:22:35.225887', 46,89),(47,'2020-12-03 03:22:35.225645', 47,86),(48,'2020-12-03 03:22:35.225799', 48,88),
(49,'2020-12-03 03:22:35.225707', 49,87),(50,'2020-12-03 03:22:35.225583', 50,85),(51,'2020-12-03 03:22:35.226249', 51,100),(52,'2020-12-03 03:22:35.226155', 52,92),
(53,'2020-12-03 03:22:35.226065', 53,91),(54,'2020-12-03 03:22:35.226338', 54,93),(55,'2020-12-03 03:22:35.225974', 55,90),(56,'2020-12-03 03:22:35.226613', 56,96),
(57,'2020-12-03 03:22:35.226917', 57,98),(58,'2020-12-03 03:22:35.226521', 58,95),(59,'2020-12-03 03:22:35.226431', 59,94),(60,'2020-12-03 03:22:35.226828', 60,97),
(61,'2020-12-03 03:22:35.230299', 61,5),(62,'2020-12-03 03:22:35.230112', 62,3),(63,'2020-12-03 03:22:35.229849', 63,99),(64,'2020-12-03 03:22:35.230211', 64,4),
(65,'2020-12-03 03:22:35.230015', 65,2),(66,'2020-12-03 03:22:35.230634', 66,9),(67,'2020-12-03 03:22:35.230702', 67,10),(68,'2020-12-03 03:22:35.230558', 68,8),
(69,'2020-12-03 03:22:35.230388', 69,6),(70,'2020-12-03 03:22:35.230474', 70,7),(71,'2020-12-03 03:22:35.230799', 71,11),(72,'2020-12-03 03:22:35.230868', 72,12),
(73,'2020-12-03 03:22:35.230935', 73,13),(74,'2020-12-03 03:22:35.231070', 74,15),(75,'2020-12-03 03:22:35.231002', 75,14),(76,'2020-12-03 03:22:35.231357', 76,19),
(77,'2020-12-03 03:22:35.231217', 77,17),(78,'2020-12-03 03:22:35.231138', 78,16),(79,'2020-12-03 03:22:35.231297', 79,18),(80,'2020-12-03 03:22:35.231414', 80,20),
(81,'2020-12-03 03:22:35.234218', 81,21),(82,'2020-12-03 03:22:35.234321', 82,22),(83,'2020-12-03 03:22:35.234382', 83,23),(84,'2020-12-03 03:22:35.234443', 84,24),
(85,'2020-12-03 03:22:35.234502', 85,25),(86,'2020-12-03 03:22:35.234742', 86,29),(87,'2020-12-03 03:22:35.234621', 87,27),(88,'2020-12-03 03:22:35.234801', 88,30),
(89,'2020-12-03 03:22:35.234681', 89,28),(90,'2020-12-03 03:22:35.234562', 90,26),(91,'2020-12-03 03:22:35.234870', 91,31),(92,'2020-12-03 03:22:35.235113', 92,35),
(93,'2020-12-03 03:22:35.234931', 93,32),(94,'2020-12-03 03:22:35.235054', 94,34),(95,'2020-12-03 03:22:35.234988', 95,33),(96,'2020-12-03 03:22:35.235227', 96,37),
(97,'2020-12-03 03:22:35.235395', 97,40),(98,'2020-12-03 03:22:35.235339', 98,39),(99,'2020-12-03 03:22:35.235170', 99,36),(100,'2020-12-03 03:22:35.235283', 100,38);

