insert into group_category (id, category) values (1, 'Programming'), (2, 'Flowers');

insert into groups (id, address_image_group, description, last_redaction_date, link_site, name, persist_date, group_category_id, owner_id)
values
(1,'This is a address of the group #6','This is a description of the group #6','2020-12-02 15:36:04.350770','www.groupsite6.ru','JAVA IS 6','2020-12-02 15:36:04.350778', 1,62),
(2,'This is a address of the group #2','This is a description of the group #2','2020-12-02 15:36:04.350157','www.groupsite2.ru','JAVA IS 2','2020-12-02 15:36:04.350165', 1,96),
(3,'This is a address of the group #0','This is a description of the group #0','2020-12-02 15:36:04.348614','www.groupsite0.ru','JAVA IS 0','2020-12-02 15:36:04.348644', 1,1),
(4,'This is a address of the group #4','This is a description of the group #4','2020-12-02 15:36:04.350464','www.groupsite4.ru','JAVA IS 4','2020-12-02 15:36:04.350472', 1,7),
(5,'This is a address of the group #10','This is a description of the group #10','2020-12-02 15:36:04.351385','www.groupsite10.ru','JAVA IS 10','2020-12-02 15:36:04.351393', 1,23),
(6,'This is a address of the group #8','This is a description of the group #8','2020-12-02 15:36:04.351079','www.groupsite8.ru','JAVA IS 8','2020-12-02 15:36:04.351087', 1,35),
(7,'This is a address of the group #13','This is a description of the group #13','2020-12-02 15:36:04.351839','www.groupsite13.ru','JAVA IS 13','2020-12-02 15:36:04.351847', 2,13),
(8,'This is a address of the group #17','This is a description of the group #17','2020-12-02 15:36:04.352476','www.groupsite17.ru','JAVA IS 17','2020-12-02 15:36:04.352483', 2,16),
(9,'This is a address of the group #9','This is a description of the group #9','2020-12-02 15:36:04.351232','www.groupsite9.ru','JAVA IS 9','2020-12-02 15:36:04.351240', 2,19),
(10,'This is a address of the group #12','This is a description of the group #12','2020-12-02 15:36:04.351695','www.groupsite12.ru','JAVA IS 12','2020-12-02 15:36:04.351702', 1,26),
(11,'This is a address of the group #14','This is a description of the group #14','2020-12-02 15:36:04.351984','www.groupsite14.ru','JAVA IS 14','2020-12-02 15:36:04.351991', 1,37),
(12,'This is a address of the group #11','This is a description of the group #11','2020-12-02 15:36:04.351539','www.groupsite11.ru','JAVA IS 11','2020-12-02 15:36:04.351547', 2,43),
(13,'This is a address of the group #3','This is a description of the group #3','2020-12-02 15:36:04.350312','www.groupsite3.ru','JAVA IS 3','2020-12-02 15:36:04.350319', 2,50),
(14,'This is a address of the group #15','This is a description of the group #15','2020-12-02 15:36:04.352182','www.groupsite15.ru','JAVA IS 15','2020-12-02 15:36:04.352190', 2,62),
(15,'This is a address of the group #7','This is a description of the group #7','2020-12-02 15:36:04.350923','www.groupsite7.ru','JAVA IS 7','2020-12-02 15:36:04.350931', 2,66),
(16,'This is a address of the group #18','This is a description of the group #18','2020-12-02 15:36:04.352621','www.groupsite18.ru','JAVA IS 18','2020-12-02 15:36:04.352629', 1,70),
(17,'This is a address of the group #19','This is a description of the group #19','2020-12-02 15:36:04.352809','www.groupsite19.ru','JAVA IS 19','2020-12-02 15:36:04.352817', 2,72),
(18,'This is a address of the group #16','This is a description of the group #16','2020-12-02 15:36:04.352330','www.groupsite16.ru','JAVA IS 16','2020-12-02 15:36:04.352337', 1,81),
(19,'This is a address of the group #1','This is a description of the group #1','2020-12-02 15:36:04.349997','www.groupsite1.ru','JAVA IS 1','2020-12-02 15:36:04.350007', 2,82),
(20,'This is a address of the group #5','This is a description of the group #5','2020-12-02 15:36:04.350616','www.groupsite5.ru','JAVA IS 5','2020-12-02 15:36:04.350624', 2,92);

insert into group_has_user (id, persist_date, group_id, user_id) values
(1,'2020-12-02 15:36:04.386717', 2,1),(2,'2020-12-02 15:36:04.386934', 15,41),(3,'2020-12-02 15:36:04.387013', 3,42),
(4,'2020-12-02 15:36:04.387089', 19,43),(5,'2020-12-02 15:36:04.387164', 2,44),(6,'2020-12-02 15:36:04.387239', 13,45),
(7,'2020-12-02 15:36:04.387314', 1,46),(8,'2020-12-02 15:36:04.387389', 1,47),(9,'2020-12-02 15:36:04.387464', 15,48),
(10,'2020-12-02 15:36:04.387538', 13,49),(11,'2020-12-02 15:36:04.387613', 1,50),(12,'2020-12-02 15:36:04.387688', 4,51),
(13,'2020-12-02 15:36:04.387763', 6,52),(14,'2020-12-02 15:36:04.387837', 19,53),(15,'2020-12-02 15:36:04.387913', 15,54),
(16,'2020-12-02 15:36:04.387990', 19,55),(17,'2020-12-02 15:36:04.388095', 20,56),(18,'2020-12-02 15:36:04.388171', 19,57),
(19,'2020-12-02 15:36:04.388303', 1,58),(20,'2020-12-02 15:36:04.388381', 15,59),(21,'2020-12-02 15:36:04.392539', 6,60),
(22,'2020-12-02 15:36:04.392662', 19,61),(23,'2020-12-02 15:36:04.392740', 20,62),(24,'2020-12-02 15:36:04.392817', 13,63),
(25,'2020-12-02 15:36:04.392892', 19,64),(26,'2020-12-02 15:36:04.392968', 1,65),(27,'2020-12-02 15:36:04.393042', 2,66),
(28,'2020-12-02 15:36:04.393117', 1,67),(29,'2020-12-02 15:36:04.393194', 19,68),(30,'2020-12-02 15:36:04.393270', 6,69),
(31,'2020-12-02 15:36:04.393345', 6,70),(32,'2020-12-02 15:36:04.393420', 1,71),(33,'2020-12-02 15:36:04.393494', 1,72),
(34,'2020-12-02 15:36:04.393569', 6,73),(35,'2020-12-02 15:36:04.393648', 15,74),(36,'2020-12-02 15:36:04.393709', 20,75),
(37,'2020-12-02 15:36:04.393771', 1,76),(38,'2020-12-02 15:36:04.393830', 6,77),(39,'2020-12-02 15:36:04.393891', 2,78),
(40,'2020-12-02 15:36:04.393949', 15,79),(41,'2020-12-02 15:36:04.396069', 20,80),(42,'2020-12-02 15:36:04.396173', 3,81),
(43,'2020-12-02 15:36:04.396302', 6,82),(44,'2020-12-02 15:36:04.396404', 9,83),(45,'2020-12-02 15:36:04.396503', 2,84),
(46,'2020-12-02 15:36:04.396597', 15,85),(47,'2020-12-02 15:36:04.396666', 4,86),(48,'2020-12-02 15:36:04.396733', 20,87),
(49,'2020-12-02 15:36:04.396798', 20,88),(50,'2020-12-02 15:36:04.396864', 1,89),(51,'2020-12-02 15:36:04.396934', 20,90),
(52,'2020-12-02 15:36:04.397004', 9,91),(53,'2020-12-02 15:36:04.397075', 9,92),(54,'2020-12-02 15:36:04.397145', 15,100),
(55,'2020-12-02 15:36:04.397215', 2,93),(56,'2020-12-02 15:36:04.397285', 9,94),(57,'2020-12-02 15:36:04.397356', 20,95),
(58,'2020-12-02 15:36:04.397427', 6,96),(59,'2020-12-02 15:36:04.397497', 3,97),(60,'2020-12-02 15:36:04.397567', 20,98),
(61,'2020-12-02 15:36:04.399724', 6,99),(62,'2020-12-02 15:36:04.399812', 9,2),(63,'2020-12-02 15:36:04.399884', 2,3),
(64,'2020-12-02 15:36:04.399954', 15,4),(65,'2020-12-02 15:36:04.400024', 13,5),(66,'2020-12-02 15:36:04.400119', 13,6),
(67,'2020-12-02 15:36:04.400194', 19,7),(68,'2020-12-02 15:36:04.400268', 9,8),(69,'2020-12-02 15:36:04.400351', 19,9),
(70,'2020-12-02 15:36:04.400425', 19,10),(71,'2020-12-02 15:36:04.400499', 15,11),(72,'2020-12-02 15:36:04.400572', 20,12),
(73,'2020-12-02 15:36:04.400646', 2,13),(74,'2020-12-02 15:36:04.400719', 2,14),(75,'2020-12-02 15:36:04.400792', 20,15),
(76,'2020-12-02 15:36:04.400865', 2,16),(77,'2020-12-02 15:36:04.400939', 9,17),(78,'2020-12-02 15:36:04.401012', 4,18),
(79,'2020-12-02 15:36:04.401085', 4,19),(80,'2020-12-02 15:36:04.401159', 13,20),(81,'2020-12-02 15:36:04.403328', 1,21),
(82,'2020-12-02 15:36:04.403416', 3,22),(83,'2020-12-02 15:36:04.403492', 15,23),(84,'2020-12-02 15:36:04.403566', 3,24),
(85,'2020-12-02 15:36:04.403641', 15,25),(86,'2020-12-02 15:36:04.403714', 15,26),(87,'2020-12-02 15:36:04.403787', 4,27),
(88,'2020-12-02 15:36:04.403861', 1,28),(89,'2020-12-02 15:36:04.403935', 20,29),(90,'2020-12-02 15:36:04.404008', 13,30),
(91,'2020-12-02 15:36:04.404102', 2,31),(92,'2020-12-02 15:36:04.404235', 6,32),(93,'2020-12-02 15:36:04.404341', 6,33),
(94,'2020-12-02 15:36:04.404448', 19,34),(95,'2020-12-02 15:36:04.404549', 6,35),(96,'2020-12-02 15:36:04.404639', 3,36),
(97,'2020-12-02 15:36:04.404730', 20,37),(98,'2020-12-02 15:36:04.404820', 15,38),(99,'2020-12-02 15:36:04.404913', 19,39),
(100,'2020-12-02 15:36:04.405000', 1,40);
