insert into chats (id, title, image, persist_date) values
(1,'Group chat #0','Chat image #0','2020-12-02 15:36:04.690099'),(2,'Group chat #1','Chat image #1','2020-12-02 15:36:04.690327'),
(3,'Group chat #2','Chat image #2','2020-12-02 15:36:04.690388'),(4,'Group chat #3','Chat image #3','2020-12-02 15:36:04.690444'),
(5,'Group chat #4','Chat image #4','2020-12-02 15:36:04.690500'),(6,'Group chat #5','Chat image #5','2020-12-02 15:36:04.690557'),
(7,'Group chat #6','Chat image #6','2020-12-02 15:36:04.690613'),(8,'Group chat #7','Chat image #7','2020-12-02 15:36:04.690668'),
(9,'Group chat #8','Chat image #8','2020-12-02 15:36:04.690734'),(10,'Group chat #9','Chat image #9','2020-12-02 15:36:04.690793'),
(11,'Group chat #10','Chat image #10','2020-12-02 15:36:04.690849'),(12,'Group chat #11','Chat image #11','2020-12-02 15:36:04.690906'),
(13,'Group chat #12','Chat image #12','2020-12-02 15:36:04.690962'),(14,'Group chat #13','Chat image #13','2020-12-02 15:36:04.691018'),
(15,'Group chat #14','Chat image #14','2020-12-02 15:36:04.691074'),(16,'Group chat #15','Chat image #15','2020-12-02 15:36:04.691130'),
(17,'Group chat #16','Chat image #16','2020-12-02 15:36:04.691187'),(18,'Group chat #17','Chat image #17','2020-12-02 15:36:04.691243'),
(19,'Group chat #18','Chat image #18','2020-12-02 15:36:04.691312'),(20,'Group chat #19','Chat image #19','2020-12-02 15:36:04.691380'),
(21,'Single chat #1','Chat image #20','2020-12-03 03:22:35.237996'),(22,'Single chat #2','Chat image #21','2020-12-03 03:22:35.238236'),
(23,'Single chat #3','Chat image #22','2020-12-03 03:22:35.238313'),(24,'Single chat #4','Chat image #23','2020-12-03 03:22:35.238388'),
(25,'Single chat #5','Chat image #24','2020-12-03 03:22:35.238465'),(26,'Single chat #6','Chat image #25','2020-12-03 03:22:35.238541'),
(27,'Single chat #7','Chat image #26','2020-12-03 03:22:35.238616'),(28,'Single chat #8','Chat image #27','2020-12-03 03:22:35.238690'),
(29,'Single chat #9','Chat image #28','2020-12-03 03:22:35.238764'),(30,'Single chat #10','Chat image #29','2020-12-03 03:22:35.238838'),
(31,'Single chat #11','Chat image #30','2020-12-03 03:22:35.238912'),(32,'Single chat #12','Chat image #31','2020-12-03 03:22:35.238986'),
(33,'Single chat #13','Chat image #32','2020-12-03 03:22:35.239060'),(34,'Single chat #14','Chat image #33','2020-12-03 03:22:35.239136'),
(35,'Single chat #15','Chat image #34','2020-12-03 03:22:35.239210'),(36,'Single chat #16','Chat image #35','2020-12-03 03:22:35.239284'),
(37,'Single chat #17','Chat image #36','2020-12-03 03:22:35.239358'),(38,'Single chat #18','Chat image #37','2020-12-03 03:22:35.239432'),
(39,'Single chat #19','Chat image #38','2020-12-03 03:22:35.239506'),(40,'Single chat #20','Chat image #39','2020-12-03 03:22:35.239579');

insert into group_chats (chat_id) values
(1),(2),(3),(4),(5),(6),(7),(8),(9),(10),(11),(12),(13),(14),(15),(16),(17),(18),(19),(20);

insert into messages (id, is_unread, persist_date, message, last_redaction_date, user_id) values
(1,1,'2020-12-03 03:22:34.573017','Test init message0','2020-12-03 03:22:34.573055', 1),(2,1,'2020-12-03 03:22:34.603555','Test init message61','2020-12-03 03:22:34.603575', 2),
(3,1,'2020-12-03 03:22:34.603893','Test init message62','2020-12-03 03:22:34.603913', 3),(4,1,'2020-12-03 03:22:34.604848','Test init message63','2020-12-03 03:22:34.604871', 4),
(5,1,'2020-12-03 03:22:34.605332','Test init message64','2020-12-03 03:22:34.605348', 5),(6,1,'2020-12-03 03:22:34.605760','Test init message65','2020-12-03 03:22:34.605808', 6),
(7,1,'2020-12-03 03:22:34.606140','Test init message66','2020-12-03 03:22:34.606152', 7),(8,1,'2020-12-03 03:22:34.606381','Test init message67','2020-12-03 03:22:34.606394', 8),
(9,1,'2020-12-03 03:22:34.606640','Test init message68','2020-12-03 03:22:34.606650', 9),(10,1,'2020-12-03 03:22:34.606846','Test init message69','2020-12-03 03:22:34.606856', 10),
(11,1,'2020-12-03 03:22:34.607047','Test init message70','2020-12-03 03:22:34.607057', 11),(12,1,'2020-12-03 03:22:34.607251','Test init message71','2020-12-03 03:22:34.607261', 12),
(13,1,'2020-12-03 03:22:34.607470','Test init message72','2020-12-03 03:22:34.607485', 13),(14,1,'2020-12-03 03:22:34.607763','Test init message73','2020-12-03 03:22:34.607773', 14),
(15,1,'2020-12-03 03:22:34.607970','Test init message74','2020-12-03 03:22:34.607980', 15),(16,1,'2020-12-03 03:22:34.608195','Test init message75','2020-12-03 03:22:34.608205', 16),
(17,1,'2020-12-03 03:22:34.608400','Test init message76','2020-12-03 03:22:34.608410', 17),(18,1,'2020-12-03 03:22:34.608602','Test init message77','2020-12-03 03:22:34.608637', 18),
(19,1,'2020-12-03 03:22:34.608900','Test init message78','2020-12-03 03:22:34.608914', 19),(20,1,'2020-12-03 03:22:34.609182','Test init message79','2020-12-03 03:22:34.609199', 20),
(21,1,'2020-12-03 03:22:34.612240','Test init message80','2020-12-03 03:22:34.612270', 21),(22,1,'2020-12-03 03:22:34.612654','Test init message81','2020-12-03 03:22:34.612669', 22),
(23,1,'2020-12-03 03:22:34.612945','Test init message82','2020-12-03 03:22:34.612959', 23),(24,1,'2020-12-03 03:22:34.613219','Test init message83','2020-12-03 03:22:34.613233', 24),
(25,1,'2020-12-03 03:22:34.613528','Test init message84','2020-12-03 03:22:34.613543', 25),(26,1,'2020-12-03 03:22:34.613824','Test init message85','2020-12-03 03:22:34.613839', 26),
(27,1,'2020-12-03 03:22:34.614109','Test init message86','2020-12-03 03:22:34.614124', 27),(28,1,'2020-12-03 03:22:34.614415','Test init message87','2020-12-03 03:22:34.614431', 28),
(29,1,'2020-12-03 03:22:34.614715','Test init message88','2020-12-03 03:22:34.614730', 29),(30,1,'2020-12-03 03:22:34.615004','Test init message89','2020-12-03 03:22:34.615019', 30),
(31,1,'2020-12-03 03:22:34.615361','Test init message90','2020-12-03 03:22:34.615386', 31),(32,1,'2020-12-03 03:22:34.615720','Test init message91','2020-12-03 03:22:34.615741', 32),
(33,1,'2020-12-03 03:22:34.616091','Test init message92','2020-12-03 03:22:34.616108', 33),(34,1,'2020-12-03 03:22:34.616413','Test init message93','2020-12-03 03:22:34.616430', 34),
(35,1,'2020-12-03 03:22:34.616809','Test init message94','2020-12-03 03:22:34.616827', 35),(36,1,'2020-12-03 03:22:34.617197','Test init message95','2020-12-03 03:22:34.617214', 36),
(37,1,'2020-12-03 03:22:34.617497','Test init message96','2020-12-03 03:22:34.617514', 37),(38,1,'2020-12-03 03:22:34.617799','Test init message97','2020-12-03 03:22:34.617815', 38),
(39,1,'2020-12-03 03:22:34.618103','Test init message98','2020-12-03 03:22:34.618119', 39),(40,1,'2020-12-03 03:22:34.618407','Test init message99','2020-12-03 03:22:34.618423', 40),
(41,1,'2020-12-03 03:22:34.573734','Test init message1','2020-12-03 03:22:34.573748', 41),(42,1,'2020-12-03 03:22:34.573989','Test init message2','2020-12-03 03:22:34.574002', 42),
(43,1,'2020-12-03 03:22:34.574218','Test init message3','2020-12-03 03:22:34.574241', 43),(44,1,'2020-12-03 03:22:34.574459','Test init message4','2020-12-03 03:22:34.574471', 44),
(45,1,'2020-12-03 03:22:34.574683','Test init message5','2020-12-03 03:22:34.574695', 45),(46,1,'2020-12-03 03:22:34.574916','Test init message6','2020-12-03 03:22:34.574928', 46),
(47,1,'2020-12-03 03:22:34.575168','Test init message7','2020-12-03 03:22:34.575180', 47),(48,1,'2020-12-03 03:22:34.575394','Test init message8','2020-12-03 03:22:34.575405', 48),
(49,1,'2020-12-03 03:22:34.575635','Test init message9','2020-12-03 03:22:34.575647', 49),(50,1,'2020-12-03 03:22:34.575879','Test init message10','2020-12-03 03:22:34.575891', 50),
(51,1,'2020-12-03 03:22:34.576176','Test init message11','2020-12-03 03:22:34.576188', 51),(52,1,'2020-12-03 03:22:34.576438','Test init message12','2020-12-03 03:22:34.576451', 52),
(53,1,'2020-12-03 03:22:34.576684','Test init message13','2020-12-03 03:22:34.576697', 53),(54,1,'2020-12-03 03:22:34.576923','Test init message14','2020-12-03 03:22:34.576935', 54),
(55,1,'2020-12-03 03:22:34.577204','Test init message15','2020-12-03 03:22:34.577217', 55),(56,1,'2020-12-03 03:22:34.577456','Test init message16','2020-12-03 03:22:34.577469', 56),
(57,1,'2020-12-03 03:22:34.577717','Test init message17','2020-12-03 03:22:34.577736', 57),(58,1,'2020-12-03 03:22:34.578037','Test init message18','2020-12-03 03:22:34.578050', 58),
(59,1,'2020-12-03 03:22:34.578312','Test init message19','2020-12-03 03:22:34.578324', 59),(60,1,'2020-12-03 03:22:34.582441','Test init message20','2020-12-03 03:22:34.582477', 60),
(61,1,'2020-12-03 03:22:34.582954','Test init message21','2020-12-03 03:22:34.582967', 61),(62,1,'2020-12-03 03:22:34.583270','Test init message22','2020-12-03 03:22:34.583288', 62),
(63,1,'2020-12-03 03:22:34.583681','Test init message23','2020-12-03 03:22:34.583700', 63),(64,1,'2020-12-03 03:22:34.584456','Test init message24','2020-12-03 03:22:34.584482', 64),
(65,1,'2020-12-03 03:22:34.584959','Test init message25','2020-12-03 03:22:34.584979', 65),(66,1,'2020-12-03 03:22:34.585434','Test init message26','2020-12-03 03:22:34.585459', 66),
(67,1,'2020-12-03 03:22:34.585910','Test init message27','2020-12-03 03:22:34.585938', 67),(68,1,'2020-12-03 03:22:34.586303','Test init message28','2020-12-03 03:22:34.586321', 68),
(69,1,'2020-12-03 03:22:34.586660','Test init message29','2020-12-03 03:22:34.586677', 69),(70,1,'2020-12-03 03:22:34.586985','Test init message30','2020-12-03 03:22:34.587004', 70),
(71,1,'2020-12-03 03:22:34.587350','Test init message31','2020-12-03 03:22:34.587369', 71),(72,1,'2020-12-03 03:22:34.587684','Test init message32','2020-12-03 03:22:34.587703', 72),
(73,1,'2020-12-03 03:22:34.588095','Test init message33','2020-12-03 03:22:34.588114', 73),(74,1,'2020-12-03 03:22:34.588433','Test init message34','2020-12-03 03:22:34.588451', 74),
(75,1,'2020-12-03 03:22:34.588762','Test init message35','2020-12-03 03:22:34.588781', 75),(76,1,'2020-12-03 03:22:34.589074','Test init message36','2020-12-03 03:22:34.589106', 76),
(77,1,'2020-12-03 03:22:34.589452','Test init message37','2020-12-03 03:22:34.589470', 77),(78,1,'2020-12-03 03:22:34.589780','Test init message38','2020-12-03 03:22:34.589797', 78),
(79,1,'2020-12-03 03:22:34.590143','Test init message39','2020-12-03 03:22:34.590163', 79),(80,1,'2020-12-03 03:22:34.593256','Test init message40','2020-12-03 03:22:34.593277', 80),
(81,1,'2020-12-03 03:22:34.593569','Test init message41','2020-12-03 03:22:34.593581', 81),(82,1,'2020-12-03 03:22:34.593909','Test init message42','2020-12-03 03:22:34.593926', 82),
(83,1,'2020-12-03 03:22:34.594281','Test init message43','2020-12-03 03:22:34.594300', 83),(84,1,'2020-12-03 03:22:34.594608','Test init message44','2020-12-03 03:22:34.594626', 84),
(85,1,'2020-12-03 03:22:34.594933','Test init message45','2020-12-03 03:22:34.594951', 85),(86,1,'2020-12-03 03:22:34.595333','Test init message46','2020-12-03 03:22:34.595352', 86),
(87,1,'2020-12-03 03:22:34.595656','Test init message47','2020-12-03 03:22:34.595674', 87),(88,1,'2020-12-03 03:22:34.595983','Test init message48','2020-12-03 03:22:34.596001', 88),
(89,1,'2020-12-03 03:22:34.596377','Test init message49','2020-12-03 03:22:34.596395', 89),(90,1,'2020-12-03 03:22:34.596751','Test init message50','2020-12-03 03:22:34.596786', 90),
(91,1,'2020-12-03 03:22:34.597121','Test init message51','2020-12-03 03:22:34.597140', 91),(92,1,'2020-12-03 03:22:34.597489','Test init message52','2020-12-03 03:22:34.597508', 92),
(93,1,'2020-12-03 03:22:34.598145','Test init message54','2020-12-03 03:22:34.598163', 93),(94,1,'2020-12-03 03:22:34.598463','Test init message55','2020-12-03 03:22:34.598480', 94),
(95,1,'2020-12-03 03:22:34.598784','Test init message56','2020-12-03 03:22:34.598802', 95),(96,1,'2020-12-03 03:22:34.599102','Test init message57','2020-12-03 03:22:34.599119', 96),
(97,1,'2020-12-03 03:22:34.599404','Test init message58','2020-12-03 03:22:34.599422', 97),(98,1,'2020-12-03 03:22:34.599852','Test init message59','2020-12-03 03:22:34.599872', 98),
(99,1,'2020-12-03 03:22:34.602882','Test init message60','2020-12-03 03:22:34.602943', 99),(100,1,'2020-12-03 03:22:34.597826','Test init message53','2020-12-03 03:22:34.597848', 100);

insert into single_chat (chat_id, user_one_id, user_two_id, deleted_for_user_one, deleted_for_user_two) values
(21,1,90,'false','false'),(22,41,91,'false','false'),(23,42,92,'false','false'),
(24,43,100,'false','false'),(25,44,93,'false','false'),(26,45,94,'false','false'),
(27,46,95,'false','false'),(28,47,96,'false','false'),(29,48,97,'false','false'),
(30,49,98,'false','false'),(31,50,99,'false','false'),(32,51,2,'false','false'),
(33,52,3,'false','false'),(34,53,4,'false','false'),(35,54,5,'false','false'),
(36,55,6,'false','false'),(37,56,7,'false','false'),(38,57,8,'false','false'),
(39,58,9,'false','false'),(40,59,10,'false','false');

