insert into comments (id, comment, comment_type, persist_date, last_redaction_date, user_id)
values
(1,'Test comment POST 0',1,'2020-12-02 15:36:04.407622','2020-12-02 15:36:04.407629', 83),
(2,'Test comment POST 1',1,'2020-12-02 15:36:04.408022','2020-12-02 15:36:04.408025', 27),
(3,'Test comment POST 2',1,'2020-12-02 15:36:04.408186','2020-12-02 15:36:04.408188', 44),
(4,'Test comment POST 3',1,'2020-12-02 15:36:04.408325','2020-12-02 15:36:04.408328', 74),
(5,'Test comment POST 4',1,'2020-12-02 15:36:04.408463','2020-12-02 15:36:04.408465', 74),
(6,'Test comment POST 5',1,'2020-12-02 15:36:04.408600','2020-12-02 15:36:04.408603', 49),
(7,'Test comment POST 6',1,'2020-12-02 15:36:04.408738','2020-12-02 15:36:04.408741', 70),
(8,'Test comment POST 7',1,'2020-12-02 15:36:04.408875','2020-12-02 15:36:04.408878', 43),
(9,'Test comment POST 8',1,'2020-12-02 15:36:04.409013','2020-12-02 15:36:04.409015', 4),
(10,'Test comment POST 9',1,'2020-12-02 15:36:04.409150','2020-12-02 15:36:04.409153', 32),
(11,'Test comment POST 10',1,'2020-12-02 15:36:04.409289','2020-12-02 15:36:04.409291', 10),
(12,'Test comment POST 11',1,'2020-12-02 15:36:04.409427','2020-12-02 15:36:04.409429', 29),
(13,'Test comment POST 12',1,'2020-12-02 15:36:04.409565','2020-12-02 15:36:04.409567', 66),
(14,'Test comment POST 13',1,'2020-12-02 15:36:04.409704','2020-12-02 15:36:04.409706', 30),
(15,'Test comment POST 14',1,'2020-12-02 15:36:04.409843','2020-12-02 15:36:04.409845', 98),
(16,'Test comment POST 15',1,'2020-12-02 15:36:04.409982','2020-12-02 15:36:04.409985', 29),
(17,'Test comment POST 16',1,'2020-12-02 15:36:04.410120','2020-12-02 15:36:04.410122', 92),
(18,'Test comment POST 17',1,'2020-12-02 15:36:04.410259','2020-12-02 15:36:04.410261', 48),
(19,'Test comment POST 18',1,'2020-12-02 15:36:04.410397','2020-12-02 15:36:04.410399', 83),
(20,'Test comment POST 19',1,'2020-12-02 15:36:04.410534','2020-12-02 15:36:04.410537', 21),
(21,'Test comment POST 20',1,'2020-12-02 15:36:04.414252','2020-12-02 15:36:04.414259', 53),
(22,'Test comment POST 21',1,'2020-12-02 15:36:04.414459','2020-12-02 15:36:04.414461', 41),
(23,'Test comment POST 22',1,'2020-12-02 15:36:04.414592','2020-12-02 15:36:04.414595', 14),
(24,'Test comment POST 23',1,'2020-12-02 15:36:04.414725','2020-12-02 15:36:04.414727', 54),
(25,'Test comment POST 24',1,'2020-12-02 15:36:04.414856','2020-12-02 15:36:04.414859', 66),
(26,'Test comment POST 25',1,'2020-12-02 15:36:04.414988','2020-12-02 15:36:04.414990', 22),
(27,'Test comment POST 26',1,'2020-12-02 15:36:04.415120','2020-12-02 15:36:04.415123', 82),
(28,'Test comment POST 27',1,'2020-12-02 15:36:04.415255','2020-12-02 15:36:04.415258', 56),
(29,'Test comment POST 28',1,'2020-12-02 15:36:04.415387','2020-12-02 15:36:04.415389', 29),
(30,'Test comment POST 29',1,'2020-12-02 15:36:04.415519','2020-12-02 15:36:04.415521', 22),
(31,'Test comment POST 30',1,'2020-12-02 15:36:04.415650','2020-12-02 15:36:04.415653', 55),
(32,'Test comment POST 31',1,'2020-12-02 15:36:04.415784','2020-12-02 15:36:04.415787', 99),
(33,'Test comment POST 32',1,'2020-12-02 15:36:04.415916','2020-12-02 15:36:04.415918', 54),
(34,'Test comment POST 33',1,'2020-12-02 15:36:04.416095','2020-12-02 15:36:04.416098', 100),
(35,'Test comment POST 34',1,'2020-12-02 15:36:04.416243','2020-12-02 15:36:04.416246', 62),
(36,'Test comment POST 35',1,'2020-12-02 15:36:04.416375','2020-12-02 15:36:04.416377', 22),
(37,'Test comment POST 36',1,'2020-12-02 15:36:04.416508','2020-12-02 15:36:04.416510', 10),
(38,'Test comment POST 37',1,'2020-12-02 15:36:04.416643','2020-12-02 15:36:04.416646', 24),
(39,'Test comment POST 38',1,'2020-12-02 15:36:04.416776','2020-12-02 15:36:04.416779', 76),
(40,'Test comment POST 39',1,'2020-12-02 15:36:04.416908','2020-12-02 15:36:04.416911', 6),
(41,'Test comment POST 40',1,'2020-12-02 15:36:04.419024','2020-12-02 15:36:04.419028', 58),
(42,'Test comment POST 41',1,'2020-12-02 15:36:04.419192','2020-12-02 15:36:04.419195', 18),
(43,'Test comment POST 42',1,'2020-12-02 15:36:04.419325','2020-12-02 15:36:04.419328', 96),
(44,'Test comment POST 43',1,'2020-12-02 15:36:04.419459','2020-12-02 15:36:04.419462', 72),
(45,'Test comment POST 44',1,'2020-12-02 15:36:04.419591','2020-12-02 15:36:04.419594', 80),
(46,'Test comment POST 45',1,'2020-12-02 15:36:04.419745','2020-12-02 15:36:04.419748', 84),
(47,'Test comment POST 46',1,'2020-12-02 15:36:04.419877','2020-12-02 15:36:04.419879', 5),
(48,'Test comment POST 47',1,'2020-12-02 15:36:04.420008','2020-12-02 15:36:04.420011', 30),
(49,'Test comment POST 48',1,'2020-12-02 15:36:04.420166','2020-12-02 15:36:04.420169', 2),
(50,'Test comment POST 49',1,'2020-12-02 15:36:04.420511','2020-12-02 15:36:04.420551', 3),
(51,'Test comment POST 50',1,'2020-12-02 15:36:04.420686','2020-12-02 15:36:04.420688', 56),
(52,'Test comment POST 51',1,'2020-12-02 15:36:04.420820','2020-12-02 15:36:04.420822', 80),
(53,'Test comment POST 52',1,'2020-12-02 15:36:04.420952','2020-12-02 15:36:04.420954', 60),
(54,'Test comment POST 53',1,'2020-12-02 15:36:04.421084','2020-12-02 15:36:04.421086', 71),
(55,'Test comment POST 54',1,'2020-12-02 15:36:04.421217','2020-12-02 15:36:04.421219', 46),
(56,'Test comment POST 55',1,'2020-12-02 15:36:04.421348','2020-12-02 15:36:04.421351', 100),
(57,'Test comment POST 56',1,'2020-12-02 15:36:04.421532','2020-12-02 15:36:04.421535', 14),
(58,'Test comment POST 57',1,'2020-12-02 15:36:04.421683','2020-12-02 15:36:04.421685', 65),
(59,'Test comment POST 58',1,'2020-12-02 15:36:04.421816','2020-12-02 15:36:04.421819', 40),
(60,'Test comment POST 59',1,'2020-12-02 15:36:04.421948','2020-12-02 15:36:04.421951', 86),
(61,'Test comment POST 60',1,'2020-12-02 15:36:04.424195','2020-12-02 15:36:04.424200', 27),
(62,'Test comment POST 61',1,'2020-12-02 15:36:04.424398','2020-12-02 15:36:04.424400', 48),
(63,'Test comment POST 62',1,'2020-12-02 15:36:04.424506','2020-12-02 15:36:04.424508', 64),
(64,'Test comment POST 63',1,'2020-12-02 15:36:04.424614','2020-12-02 15:36:04.424616', 63),
(65,'Test comment POST 64',1,'2020-12-02 15:36:04.424720','2020-12-02 15:36:04.424722', 20),
(66,'Test comment POST 65',1,'2020-12-02 15:36:04.424827','2020-12-02 15:36:04.424829', 23),
(67,'Test comment POST 66',1,'2020-12-02 15:36:04.424933','2020-12-02 15:36:04.424935', 12),
(68,'Test comment POST 67',1,'2020-12-02 15:36:04.425039','2020-12-02 15:36:04.425041', 21),
(69,'Test comment POST 68',1,'2020-12-02 15:36:04.425149','2020-12-02 15:36:04.425151', 64),
(70,'Test comment POST 69',1,'2020-12-02 15:36:04.425255','2020-12-02 15:36:04.425257', 10),
(71,'Test comment POST 70',1,'2020-12-02 15:36:04.425361','2020-12-02 15:36:04.425363', 83),
(72,'Test comment POST 71',1,'2020-12-02 15:36:04.425467','2020-12-02 15:36:04.425469', 10),
(73,'Test comment POST 72',1,'2020-12-02 15:36:04.425576','2020-12-02 15:36:04.425579', 53),
(74,'Test comment POST 73',1,'2020-12-02 15:36:04.425693','2020-12-02 15:36:04.425696', 87),
(75,'Test comment POST 74',1,'2020-12-02 15:36:04.425800','2020-12-02 15:36:04.425802', 91),
(76,'Test comment POST 75',1,'2020-12-02 15:36:04.425907','2020-12-02 15:36:04.425909', 19),
(77,'Test comment POST 76',1,'2020-12-02 15:36:04.426014','2020-12-02 15:36:04.426016', 74),
(78,'Test comment POST 77',1,'2020-12-02 15:36:04.426120','2020-12-02 15:36:04.426122', 43),
(79,'Test comment POST 78',1,'2020-12-02 15:36:04.426226','2020-12-02 15:36:04.426228', 79),
(80,'Test comment POST 79',1,'2020-12-02 15:36:04.426331','2020-12-02 15:36:04.426333', 9),
(81,'Test comment POST 80',1,'2020-12-02 15:36:04.428114','2020-12-02 15:36:04.428118', 76),
(82,'Test comment POST 81',1,'2020-12-02 15:36:04.428300','2020-12-02 15:36:04.428303', 6),
(83,'Test comment POST 82',1,'2020-12-02 15:36:04.428430','2020-12-02 15:36:04.428433', 48),
(84,'Test comment POST 83',1,'2020-12-02 15:36:04.428627','2020-12-02 15:36:04.428629', 16),
(85,'Test comment POST 84',1,'2020-12-02 15:36:04.428722','2020-12-02 15:36:04.428724', 3),
(86,'Test comment POST 85',1,'2020-12-02 15:36:04.428813','2020-12-02 15:36:04.428815', 63),
(87,'Test comment POST 86',1,'2020-12-02 15:36:04.428904','2020-12-02 15:36:04.428906', 87),
(88,'Test comment POST 87',1,'2020-12-02 15:36:04.428994','2020-12-02 15:36:04.428996', 24),
(89,'Test comment POST 88',1,'2020-12-02 15:36:04.429085','2020-12-02 15:36:04.429087', 28),
(90,'Test comment POST 89',1,'2020-12-02 15:36:04.429175','2020-12-02 15:36:04.429177', 95),
(91,'Test comment POST 90',1,'2020-12-02 15:36:04.429265','2020-12-02 15:36:04.429267', 45),
(92,'Test comment POST 91',1,'2020-12-02 15:36:04.429371','2020-12-02 15:36:04.429374', 36),
(93,'Test comment POST 92',1,'2020-12-02 15:36:04.429474','2020-12-02 15:36:04.429476', 30),
(94,'Test comment POST 93',1,'2020-12-02 15:36:04.429565','2020-12-02 15:36:04.429567', 65),
(95,'Test comment POST 94',1,'2020-12-02 15:36:04.429662','2020-12-02 15:36:04.429664', 95),
(96,'Test comment POST 95',1,'2020-12-02 15:36:04.429755','2020-12-02 15:36:04.429757', 27),
(97,'Test comment POST 96',1,'2020-12-02 15:36:04.429845','2020-12-02 15:36:04.429847', 69),
(98,'Test comment POST 97',1,'2020-12-02 15:36:04.429935','2020-12-02 15:36:04.429938', 37),
(99,'Test comment POST 98',1,'2020-12-02 15:36:04.430026','2020-12-02 15:36:04.430028', 90),
(100,'Test comment POST 99',1,'2020-12-02 15:36:04.430116','2020-12-02 15:36:04.430118', 45),
(101,'Test comment MEDIA 0',0,'2020-12-02 15:36:04.432221','2020-12-02 15:36:04.432227', 36),
(102,'Test comment MEDIA 1',0,'2020-12-02 15:36:04.432385','2020-12-02 15:36:04.432387', 79),
(103,'Test comment MEDIA 2',0,'2020-12-02 15:36:04.432476','2020-12-02 15:36:04.432478', 22),
(104,'Test comment MEDIA 3',0,'2020-12-02 15:36:04.432565','2020-12-02 15:36:04.432568', 68),
(105,'Test comment MEDIA 4',0,'2020-12-02 15:36:04.432654','2020-12-02 15:36:04.432656', 74),
(106,'Test comment MEDIA 5',0,'2020-12-02 15:36:04.432744','2020-12-02 15:36:04.432747', 89),
(107,'Test comment MEDIA 6',0,'2020-12-02 15:36:04.432864','2020-12-02 15:36:04.432866', 35),
(108,'Test comment MEDIA 7',0,'2020-12-02 15:36:04.432959','2020-12-02 15:36:04.432961', 5),
(109,'Test comment MEDIA 8',0,'2020-12-02 15:36:04.433049','2020-12-02 15:36:04.433051', 14),
(110,'Test comment MEDIA 9',0,'2020-12-02 15:36:04.433138','2020-12-02 15:36:04.433140', 21),
(111,'Test comment MEDIA 10',0,'2020-12-02 15:36:04.433227','2020-12-02 15:36:04.433229', 89),
(112,'Test comment MEDIA 11',0,'2020-12-02 15:36:04.433315','2020-12-02 15:36:04.433317', 26),
(113,'Test comment MEDIA 12',0,'2020-12-02 15:36:04.433404','2020-12-02 15:36:04.433406', 31),
(114,'Test comment MEDIA 13',0,'2020-12-02 15:36:04.433502','2020-12-02 15:36:04.433504', 79),
(115,'Test comment MEDIA 14',0,'2020-12-02 15:36:04.433590','2020-12-02 15:36:04.433592', 57),
(116,'Test comment MEDIA 15',0,'2020-12-02 15:36:04.433696','2020-12-02 15:36:04.433698', 63),
(117,'Test comment MEDIA 16',0,'2020-12-02 15:36:04.433786','2020-12-02 15:36:04.433788', 83),
(118,'Test comment MEDIA 17',0,'2020-12-02 15:36:04.433875','2020-12-02 15:36:04.433877', 80),
(119,'Test comment MEDIA 18',0,'2020-12-02 15:36:04.433964','2020-12-02 15:36:04.433966', 19),
(120,'Test comment MEDIA 19',0,'2020-12-02 15:36:04.434053','2020-12-02 15:36:04.434055', 72),
(121,'Test comment MEDIA 20',0,'2020-12-02 15:36:04.435970','2020-12-02 15:36:04.435976', 60),
(122,'Test comment MEDIA 21',0,'2020-12-02 15:36:04.436218','2020-12-02 15:36:04.436221', 9),
(123,'Test comment MEDIA 22',0,'2020-12-02 15:36:04.436325','2020-12-02 15:36:04.436327', 58),
(124,'Test comment MEDIA 23',0,'2020-12-02 15:36:04.436430','2020-12-02 15:36:04.436433', 69),
(125,'Test comment MEDIA 24',0,'2020-12-02 15:36:04.436542','2020-12-02 15:36:04.436544', 62),
(126,'Test comment MEDIA 25',0,'2020-12-02 15:36:04.436645','2020-12-02 15:36:04.436647', 71),
(127,'Test comment MEDIA 26',0,'2020-12-02 15:36:04.436746','2020-12-02 15:36:04.436748', 23),
(128,'Test comment MEDIA 27',0,'2020-12-02 15:36:04.436846','2020-12-02 15:36:04.436848', 17),
(129,'Test comment MEDIA 28',0,'2020-12-02 15:36:04.436953','2020-12-02 15:36:04.436955', 2),
(130,'Test comment MEDIA 29',0,'2020-12-02 15:36:04.437055','2020-12-02 15:36:04.437057', 8),
(131,'Test comment MEDIA 30',0,'2020-12-02 15:36:04.437154','2020-12-02 15:36:04.437156', 55),
(132,'Test comment MEDIA 31',0,'2020-12-02 15:36:04.437254','2020-12-02 15:36:04.437256', 10),
(133,'Test comment MEDIA 32',0,'2020-12-02 15:36:04.437353','2020-12-02 15:36:04.437355', 54),
(134,'Test comment MEDIA 33',0,'2020-12-02 15:36:04.437452','2020-12-02 15:36:04.437453', 95),
(135,'Test comment MEDIA 34',0,'2020-12-02 15:36:04.437551','2020-12-02 15:36:04.437553', 49),
(136,'Test comment MEDIA 35',0,'2020-12-02 15:36:04.437649','2020-12-02 15:36:04.437652', 54),
(137,'Test comment MEDIA 36',0,'2020-12-02 15:36:04.437748','2020-12-02 15:36:04.437750', 79),
(138,'Test comment MEDIA 37',0,'2020-12-02 15:36:04.437847','2020-12-02 15:36:04.437849', 6),
(139,'Test comment MEDIA 38',0,'2020-12-02 15:36:04.437948','2020-12-02 15:36:04.437950', 63),
(140,'Test comment MEDIA 39',0,'2020-12-02 15:36:04.438047','2020-12-02 15:36:04.438049', 46),
(141,'Test comment MEDIA 40',0,'2020-12-02 15:36:04.439831','2020-12-02 15:36:04.439836', 15),
(142,'Test comment MEDIA 41',0,'2020-12-02 15:36:04.440010','2020-12-02 15:36:04.440012', 68),
(143,'Test comment MEDIA 42',0,'2020-12-02 15:36:04.440145','2020-12-02 15:36:04.440147', 80),
(144,'Test comment MEDIA 43',0,'2020-12-02 15:36:04.440256','2020-12-02 15:36:04.440259', 97),
(145,'Test comment MEDIA 44',0,'2020-12-02 15:36:04.440353','2020-12-02 15:36:04.440355', 99),
(146,'Test comment MEDIA 45',0,'2020-12-02 15:36:04.440447','2020-12-02 15:36:04.440449', 64),
(147,'Test comment MEDIA 46',0,'2020-12-02 15:36:04.440541','2020-12-02 15:36:04.440544', 41),
(148,'Test comment MEDIA 47',0,'2020-12-02 15:36:04.440636','2020-12-02 15:36:04.440638', 63),
(149,'Test comment MEDIA 48',0,'2020-12-02 15:36:04.440735','2020-12-02 15:36:04.440737', 92),
(150,'Test comment MEDIA 49',0,'2020-12-02 15:36:04.440836','2020-12-02 15:36:04.440838', 72),
(151,'Test comment MEDIA 50',0,'2020-12-02 15:36:04.440931','2020-12-02 15:36:04.440933', 37),
(152,'Test comment MEDIA 51',0,'2020-12-02 15:36:04.441025','2020-12-02 15:36:04.441027', 59),
(153,'Test comment MEDIA 52',0,'2020-12-02 15:36:04.441121','2020-12-02 15:36:04.441123', 67),
(154,'Test comment MEDIA 53',0,'2020-12-02 15:36:04.441215','2020-12-02 15:36:04.441217', 84),
(155,'Test comment MEDIA 54',0,'2020-12-02 15:36:04.441309','2020-12-02 15:36:04.441311', 72),
(156,'Test comment MEDIA 55',0,'2020-12-02 15:36:04.441403','2020-12-02 15:36:04.441405', 95),
(157,'Test comment MEDIA 56',0,'2020-12-02 15:36:04.441497','2020-12-02 15:36:04.441499', 28),
(158,'Test comment MEDIA 57',0,'2020-12-02 15:36:04.441591','2020-12-02 15:36:04.441593', 29),
(159,'Test comment MEDIA 58',0,'2020-12-02 15:36:04.441684','2020-12-02 15:36:04.441686', 35),
(160,'Test comment MEDIA 59',0,'2020-12-02 15:36:04.441777','2020-12-02 15:36:04.441779', 43),
(161,'Test comment MEDIA 60',0,'2020-12-02 15:36:04.443518','2020-12-02 15:36:04.443521', 61),
(162,'Test comment MEDIA 61',0,'2020-12-02 15:36:04.443640','2020-12-02 15:36:04.443643', 31),
(163,'Test comment MEDIA 62',0,'2020-12-02 15:36:04.443736','2020-12-02 15:36:04.443738', 13),
(164,'Test comment MEDIA 63',0,'2020-12-02 15:36:04.443830','2020-12-02 15:36:04.443833', 7),
(165,'Test comment MEDIA 64',0,'2020-12-02 15:36:04.443924','2020-12-02 15:36:04.443927', 26),
(166,'Test comment MEDIA 65',0,'2020-12-02 15:36:04.444019','2020-12-02 15:36:04.444021', 98),
(167,'Test comment MEDIA 66',0,'2020-12-02 15:36:04.444134','2020-12-02 15:36:04.444137', 53),
(168,'Test comment MEDIA 67',0,'2020-12-02 15:36:04.444272','2020-12-02 15:36:04.444274', 98),
(169,'Test comment MEDIA 68',0,'2020-12-02 15:36:04.444379','2020-12-02 15:36:04.444382', 35),
(170,'Test comment MEDIA 69',0,'2020-12-02 15:36:04.444492','2020-12-02 15:36:04.444495', 40),
(171,'Test comment MEDIA 70',0,'2020-12-02 15:36:04.444595','2020-12-02 15:36:04.444597', 74),
(172,'Test comment MEDIA 71',0,'2020-12-02 15:36:04.444679','2020-12-02 15:36:04.444681', 25),
(173,'Test comment MEDIA 72',0,'2020-12-02 15:36:04.444761','2020-12-02 15:36:04.444763', 86),
(174,'Test comment MEDIA 73',0,'2020-12-02 15:36:04.444843','2020-12-02 15:36:04.444845', 98),
(175,'Test comment MEDIA 74',0,'2020-12-02 15:36:04.444923','2020-12-02 15:36:04.444925', 43),
(176,'Test comment MEDIA 75',0,'2020-12-02 15:36:04.445005','2020-12-02 15:36:04.445007', 88),
(177,'Test comment MEDIA 76',0,'2020-12-02 15:36:04.445086','2020-12-02 15:36:04.445088', 70),
(178,'Test comment MEDIA 77',0,'2020-12-02 15:36:04.445167','2020-12-02 15:36:04.445169', 39),
(179,'Test comment MEDIA 78',0,'2020-12-02 15:36:04.445248','2020-12-02 15:36:04.445251', 92),
(180,'Test comment MEDIA 79',0,'2020-12-02 15:36:04.445330','2020-12-02 15:36:04.445332', 43),
(181,'Test comment MEDIA 80',0,'2020-12-02 15:36:04.447295','2020-12-02 15:36:04.447300', 14),
(182,'Test comment MEDIA 81',0,'2020-12-02 15:36:04.447419','2020-12-02 15:36:04.447422', 43),
(183,'Test comment MEDIA 82',0,'2020-12-02 15:36:04.447502','2020-12-02 15:36:04.447504', 52),
(184,'Test comment MEDIA 83',0,'2020-12-02 15:36:04.447584','2020-12-02 15:36:04.447586', 5),
(185,'Test comment MEDIA 84',0,'2020-12-02 15:36:04.447690','2020-12-02 15:36:04.447692', 69),
(186,'Test comment MEDIA 85',0,'2020-12-02 15:36:04.447787','2020-12-02 15:36:04.447789', 42),
(187,'Test comment MEDIA 86',0,'2020-12-02 15:36:04.447881','2020-12-02 15:36:04.447883', 6),
(188,'Test comment MEDIA 87',0,'2020-12-02 15:36:04.447975','2020-12-02 15:36:04.447977', 89),
(189,'Test comment MEDIA 88',0,'2020-12-02 15:36:04.448085','2020-12-02 15:36:04.448087', 70),
(190,'Test comment MEDIA 89',0,'2020-12-02 15:36:04.448180','2020-12-02 15:36:04.448182', 99),
(191,'Test comment MEDIA 90',0,'2020-12-02 15:36:04.448274','2020-12-02 15:36:04.448276', 92),
(192,'Test comment MEDIA 91',0,'2020-12-02 15:36:04.448368','2020-12-02 15:36:04.448370', 4),
(193,'Test comment MEDIA 92',0,'2020-12-02 15:36:04.448476','2020-12-02 15:36:04.448479', 81),
(194,'Test comment MEDIA 93',0,'2020-12-02 15:36:04.448573','2020-12-02 15:36:04.448576', 74),
(195,'Test comment MEDIA 94',0,'2020-12-02 15:36:04.448670','2020-12-02 15:36:04.448673', 31),
(196,'Test comment MEDIA 95',0,'2020-12-02 15:36:04.448765','2020-12-02 15:36:04.448767', 26),
(197,'Test comment MEDIA 96',0,'2020-12-02 15:36:04.448859','2020-12-02 15:36:04.448861', 26),
(198,'Test comment MEDIA 97',0,'2020-12-02 15:36:04.448953','2020-12-02 15:36:04.448955', 91),
(199,'Test comment MEDIA 98',0,'2020-12-02 15:36:04.449046','2020-12-02 15:36:04.449048', 21),
(200,'Test comment MEDIA 99',0,'2020-12-02 15:36:04.449141','2020-12-02 15:36:04.449143', 3);

insert into media_comment (comment_id, media_id) values
(101, 35),(102, 51),(103, 94),(104, 13),(105, 81),(106, 47),(107, 38),(108, 48),(109, 17),(110, 92),(111, 2),(112, 10),
(113, 18),(114, 45),(115, 63),(116, 87),(117, 61),(118, 54),(119, 20),(120, 71),(121, 6),(122, 1),(123, 13),(124, 80),
(125, 7),(126, 62),(127, 10),(128, 99),(129, 5),(130, 68),(131, 90),(132, 3),(133, 20),(134, 16),(135, 91),(136, 60),
(137, 44),(138, 62),(139, 96),(140, 17),(141, 98),(142, 87),(143, 62),(144, 12),(145, 4),(146, 26),(147, 49),(148, 85),
(149, 89),(150, 2),(151, 73),(152, 65),(153, 25),(154, 99),(155, 93),(156, 57),(157, 60),(158, 65),(159, 29),(160, 58),
(161, 5),(162, 44),(163, 45),(164, 82),(165, 77),(166, 58),(167, 56),(168, 67),(169, 16),(170, 98),(171, 42),(172, 93),
(173, 28),(174, 92),(175, 81),(176, 31),(177, 9),(178, 70),(179, 26),(180, 17),(181, 66),(182, 28),(183, 88),(184, 8),
(185, 43),(186, 63),(187, 20),(188, 57),(189, 96),(190, 48),(191, 82),(192, 41),(193, 1),(194, 47),(195, 54),(196, 98),
(197, 73),(198, 3),(199, 28),(200, 74);

insert into post_comment (comment_id, post_id) values
(1, 38),(2, 62),(3, 78),(4, 3),(5, 100),(6, 100),(7, 82),(8, 80),(9, 52),(10, 2),(11, 33),(12, 32),(13, 29),(14, 7),
(15, 61),(16, 57),(17, 4),(18, 88),(19, 86),(20, 46),(21, 16),(22, 3),(23, 92),(24, 2),(25, 81),(26, 21),(27, 28),(28, 61),
(29, 24),(30, 99),(31, 8),(32, 80),(33, 62),(34, 65),(35, 14),(36, 82),(37, 24),(38, 38),(39, 77),(40, 6),(41, 7),(42, 88),
(43, 35),(44, 36),(45, 70),(46, 80),(47, 76),(48, 6),(49, 73),(50, 1),(51, 1),(52, 68),(53, 21),(54, 8),(55, 96),(56, 58),
(57, 82),(58, 83),(59, 86),(60, 100),(61, 13),(62, 68),(63, 3),(64, 49),(65, 95),(66, 24),(67, 70),(68, 60),(69, 5),(70, 98),
(71, 32),(72, 48),(73, 27),(74, 18),(75, 77),(76, 11),(77, 19),(78, 7),(79, 64),(80, 63),(81, 1),(82, 6),(83, 39),(84, 33),(85, 40),
(86, 76),(87, 55),(88, 65),(89, 20),(90, 9),(91, 100),(92, 64),(93, 64),(94, 29),(95, 42),(96, 67),(97, 49),(98, 55),(99, 27),(100, 52);

