insert into albums (id, update_date, media_type, name, persist_date) values
(1,'2020-12-03 03:22:35.103842',1,'audioAlbum','2020-12-03 03:22:35.103852'),(2,'2020-12-03 03:22:35.104361',1,'audioAlbum','2020-12-03 03:22:35.104365'),
(3,'2020-12-03 03:22:35.104496',1,'audioAlbum','2020-12-03 03:22:35.104499'),(4,'2020-12-03 03:22:35.104628',1,'audioAlbum','2020-12-03 03:22:35.104631'),
(5,'2020-12-03 03:22:35.104762',1,'audioAlbum','2020-12-03 03:22:35.104766'),(6,'2020-12-03 03:22:35.104894',1,'audioAlbum','2020-12-03 03:22:35.104898'),
(7,'2020-12-03 03:22:35.105037',1,'audioAlbum','2020-12-03 03:22:35.105040'),(8,'2020-12-03 03:22:35.105165',1,'audioAlbum','2020-12-03 03:22:35.105168'),
(9,'2020-12-03 03:22:35.105293',1,'audioAlbum','2020-12-03 03:22:35.105297'),(10,'2020-12-03 03:22:35.105422',1,'audioAlbum','2020-12-03 03:22:35.105425'),
(11,'2020-12-03 03:22:35.105716',1,'audioAlbum','2020-12-03 03:22:35.105720'),(12,'2020-12-03 03:22:35.105849',1,'audioAlbum','2020-12-03 03:22:35.105852'),
(13,'2020-12-03 03:22:35.105974',1,'audioAlbum','2020-12-03 03:22:35.105978'),(14,'2020-12-03 03:22:35.106120',1,'audioAlbum','2020-12-03 03:22:35.106124'),
(15,'2020-12-03 03:22:35.106272',1,'audioAlbum','2020-12-03 03:22:35.106276'),(16,'2020-12-03 03:22:35.106406',1,'audioAlbum','2020-12-03 03:22:35.106410'),
(17,'2020-12-03 03:22:35.106539',1,'audioAlbum','2020-12-03 03:22:35.106543'),(18,'2020-12-03 03:22:35.106665',1,'audioAlbum','2020-12-03 03:22:35.106668'),
(19,'2020-12-03 03:22:35.106794',1,'audioAlbum','2020-12-03 03:22:35.106798'),(20,'2020-12-03 03:22:35.106922',1,'audioAlbum','2020-12-03 03:22:35.106926'),
(21,'2020-12-03 03:22:35.110353',0,'imageAlbum','2020-12-03 03:22:35.110363'),(22,'2020-12-03 03:22:35.110590',0,'imageAlbum','2020-12-03 03:22:35.110594'),
(23,'2020-12-03 03:22:35.110724',0,'imageAlbum','2020-12-03 03:22:35.110728'),(24,'2020-12-03 03:22:35.110848',0,'imageAlbum','2020-12-03 03:22:35.110851'),
(25,'2020-12-03 03:22:35.110971',0,'imageAlbum','2020-12-03 03:22:35.110975'),(26,'2020-12-03 03:22:35.111095',0,'imageAlbum','2020-12-03 03:22:35.111099'),
(27,'2020-12-03 03:22:35.111223',0,'imageAlbum','2020-12-03 03:22:35.111226'),(28,'2020-12-03 03:22:35.111351',0,'imageAlbum','2020-12-03 03:22:35.111354'),
(29,'2020-12-03 03:22:35.111477',0,'imageAlbum','2020-12-03 03:22:35.111481'),(30,'2020-12-03 03:22:35.111605',0,'imageAlbum','2020-12-03 03:22:35.111608'),
(31,'2020-12-03 03:22:35.111730',0,'imageAlbum','2020-12-03 03:22:35.111734'),(32,'2020-12-03 03:22:35.111856',0,'imageAlbum','2020-12-03 03:22:35.111859'),
(33,'2020-12-03 03:22:35.111993',0,'imageAlbum','2020-12-03 03:22:35.111996'),(34,'2020-12-03 03:22:35.112133',0,'imageAlbum','2020-12-03 03:22:35.112136'),
(35,'2020-12-03 03:22:35.112261',0,'imageAlbum','2020-12-03 03:22:35.112264'),(36,'2020-12-03 03:22:35.112389',0,'imageAlbum','2020-12-03 03:22:35.112392'),
(37,'2020-12-03 03:22:35.112516',0,'imageAlbum','2020-12-03 03:22:35.112519'),(38,'2020-12-03 03:22:35.112653',0,'imageAlbum','2020-12-03 03:22:35.112656'),
(39,'2020-12-03 03:22:35.112778',0,'imageAlbum','2020-12-03 03:22:35.112781'),(40,'2020-12-03 03:22:35.112902',0,'imageAlbum','2020-12-03 03:22:35.112905'),
(41,'2020-12-03 03:22:35.115398',0,'imageAlbum','2020-12-03 03:22:35.115407'),(42,'2020-12-03 03:22:35.116544',0,'imageAlbum','2020-12-03 03:22:35.116550'),
(43,'2020-12-03 03:22:35.116689',0,'imageAlbum','2020-12-03 03:22:35.116693'),(44,'2020-12-03 03:22:35.116819',0,'imageAlbum','2020-12-03 03:22:35.116822'),
(45,'2020-12-03 03:22:35.116939',0,'imageAlbum','2020-12-03 03:22:35.116943'),(46,'2020-12-03 03:22:35.117059',0,'imageAlbum','2020-12-03 03:22:35.117062'),
(47,'2020-12-03 03:22:35.117183',0,'imageAlbum','2020-12-03 03:22:35.117187'),(48,'2020-12-03 03:22:35.117375',0,'imageAlbum','2020-12-03 03:22:35.117378'),
(49,'2020-12-03 03:22:35.117495',0,'imageAlbum','2020-12-03 03:22:35.117498'),(50,'2020-12-03 03:22:35.117625',0,'imageAlbum','2020-12-03 03:22:35.117628'),
(51,'2020-12-03 03:22:35.117753',0,'imageAlbum','2020-12-03 03:22:35.117756'),(52,'2020-12-03 03:22:35.117872',0,'imageAlbum','2020-12-03 03:22:35.117876'),
(53,'2020-12-03 03:22:35.118001',0,'imageAlbum','2020-12-03 03:22:35.118005'),(54,'2020-12-03 03:22:35.118132',0,'imageAlbum','2020-12-03 03:22:35.118135'),
(55,'2020-12-03 03:22:35.118263',0,'imageAlbum','2020-12-03 03:22:35.118267'),(56,'2020-12-03 03:22:35.118395',0,'imageAlbum','2020-12-03 03:22:35.118398'),
(57,'2020-12-03 03:22:35.118525',0,'imageAlbum','2020-12-03 03:22:35.118528'),(58,'2020-12-03 03:22:35.118656',0,'imageAlbum','2020-12-03 03:22:35.118660'),
(59,'2020-12-03 03:22:35.118781',0,'imageAlbum','2020-12-03 03:22:35.118785'),(60,'2020-12-03 03:22:35.118912',0,'imageAlbum','2020-12-03 03:22:35.118915'),
(61,'2020-12-03 03:22:35.121378',0,'imageAlbum','2020-12-03 03:22:35.121385'),(62,'2020-12-03 03:22:35.121561',0,'imageAlbum','2020-12-03 03:22:35.121564'),
(63,'2020-12-03 03:22:35.121663',0,'imageAlbum','2020-12-03 03:22:35.121665'),(64,'2020-12-03 03:22:35.121760',0,'imageAlbum','2020-12-03 03:22:35.121763'),
(65,'2020-12-03 03:22:35.121859',0,'imageAlbum','2020-12-03 03:22:35.121861'),(66,'2020-12-03 03:22:35.121956',0,'imageAlbum','2020-12-03 03:22:35.121959'),
(67,'2020-12-03 03:22:35.122054',0,'imageAlbum','2020-12-03 03:22:35.122056'),(68,'2020-12-03 03:22:35.122164',0,'imageAlbum','2020-12-03 03:22:35.122167'),
(69,'2020-12-03 03:22:35.122262',0,'imageAlbum','2020-12-03 03:22:35.122264'),(70,'2020-12-03 03:22:35.122359',0,'imageAlbum','2020-12-03 03:22:35.122361'),
(71,'2020-12-03 03:22:35.122465',0,'imageAlbum','2020-12-03 03:22:35.122468'),(72,'2020-12-03 03:22:35.122574',0,'imageAlbum','2020-12-03 03:22:35.122576'),
(73,'2020-12-03 03:22:35.122683',0,'imageAlbum','2020-12-03 03:22:35.122686'),(74,'2020-12-03 03:22:35.122783',2,'videoAlbum','2020-12-03 03:22:35.122785'),
(75,'2020-12-03 03:22:35.122890',2,'videoAlbum','2020-12-03 03:22:35.122893'),(76,'2020-12-03 03:22:35.123019',2,'videoAlbum','2020-12-03 03:22:35.123022'),
(77,'2020-12-03 03:22:35.123137',2,'videoAlbum','2020-12-03 03:22:35.123140'),(78,'2020-12-03 03:22:35.123235',2,'videoAlbum','2020-12-03 03:22:35.123238'),
(79,'2020-12-03 03:22:35.123369',2,'videoAlbum','2020-12-03 03:22:35.123371'),(80,'2020-12-03 03:22:35.123535',2,'videoAlbum','2020-12-03 03:22:35.123538'),
(81,'2020-12-03 03:22:35.125214',2,'videoAlbum','2020-12-03 03:22:35.125220'),(82,'2020-12-03 03:22:35.125407',2,'videoAlbum','2020-12-03 03:22:35.125410'),
(83,'2020-12-03 03:22:35.125505',2,'videoAlbum','2020-12-03 03:22:35.125507'),(84,'2020-12-03 03:22:35.125620',2,'videoAlbum','2020-12-03 03:22:35.125623'),
(85,'2020-12-03 03:22:35.125737',2,'videoAlbum','2020-12-03 03:22:35.125743'),(86,'2020-12-03 03:22:35.125884',2,'videoAlbum','2020-12-03 03:22:35.125887'),
(87,'2020-12-03 03:22:35.125995',2,'videoAlbum','2020-12-03 03:22:35.125998'),(88,'2020-12-03 03:22:35.126128',2,'videoAlbum','2020-12-03 03:22:35.126132'),
(89,'2020-12-03 03:22:35.126242',2,'videoAlbum','2020-12-03 03:22:35.126245'),(90,'2020-12-03 03:22:35.126355',2,'videoAlbum','2020-12-03 03:22:35.126358'),
(91,'2020-12-03 03:22:35.126465',2,'videoAlbum','2020-12-03 03:22:35.126468'),(92,'2020-12-03 03:22:35.126578',2,'videoAlbum','2020-12-03 03:22:35.126581'),
(93,'2020-12-03 03:22:35.126684',2,'videoAlbum','2020-12-03 03:22:35.126687'),(94,'2020-12-03 03:22:35.126793',2,'videoAlbum','2020-12-03 03:22:35.126797'),
(95,'2020-12-03 03:22:35.126900',2,'videoAlbum','2020-12-03 03:22:35.126903'),(96,'2020-12-03 03:22:35.127022',2,'videoAlbum','2020-12-03 03:22:35.127026'),
(97,'2020-12-03 03:22:35.127141',2,'videoAlbum','2020-12-03 03:22:35.127143'),(98,'2020-12-03 03:22:35.127239',2,'videoAlbum','2020-12-03 03:22:35.127241'),
(99,'2020-12-03 03:22:35.127336',2,'videoAlbum','2020-12-03 03:22:35.127338'),(100,'2020-12-03 03:22:35.127433',2,'videoAlbum','2020-12-03 03:22:35.127435');

insert into album_audios (album_id) values
(1),(2),(3),(4),(5),(6),(7),(8),(9),(10),(11),(12),(13),(14),(15),(16),(17),(18),(19),(20);

insert into album_image (album_id) values
(21),(22),(23),(24),(25),(26),(27),(28),(29),(30),(31),(32),(33),(34),(35),(36),(37),(38),(39),(40),(41),(42),(43),(44),
(45),(46),(47),(48),(49),(50),(51),(52),(53),(54),(55),(56),(57),(58),(59),(60),(61),(62),(63),(64),(65),(66),(67),(68),
(69),(70),(71),(72),(73);

insert into album_video (album_id) values
(74),(75),(76),(77),(78),(79),(80),(81),(82),(83),(84),(85),(86),(87),(88),(89),(90),(91),(92),(93),(94),(95),(96),(97),
(98),(99),(100);

insert into user_has_album (id,persist_date, album_id, user_id) values
(1, '2020-12-03 15:36:04.693556', 1,4 ),(2, '2020-12-04 15:36:04.693556', 1,5 ),
(3, '2020-12-05 15:36:04.693556', 1,6 ),(4, '2020-12-06 15:36:04.693556', 2,7 ),
(5, '2020-12-07 15:36:04.693556', 2,8 ),(6, '2020-12-08 15:36:04.693556', 2,9 ),
(7, '2020-12-09 15:36:04.693556', 2,10 ),(8, '2020-12-10 15:36:04.693556', 2,11 ),
(9, '2020-12-11 15:36:04.693556', 3,12 ),(10, '2020-12-13 15:36:04.693556', 3,13 ),
(11, '2020-12-12 15:36:04.693556', 4,14 ),(12, '2020-12-14 15:36:04.693556', 5,14 ),
(13, '2020-12-15 15:36:04.693556', 6,14 );
