insert into "like" (id, like_type, user_id) values
(1, 2, 20),(2, 2, 52),(3, 2, 64),(4, 2, 96),(5, 2, 93),(6, 2, 54),(7, 2, 12),(8, 2, 14),
(9, 2, 36),(10, 2, 58),(11, 2, 28),(12, 2, 16),(13, 2, 15),(14, 2, 11),(15, 2, 64),(16, 2, 17),
(17, 2, 17),(18, 2, 88),(19, 2, 30),(20, 2, 40),(21, 2, 59),(22, 2, 37),(23, 2, 2),(24, 2, 14),
(25, 2, 81),(26, 2, 3),(27, 2, 72),(28, 2, 98),(29, 2, 46),(30, 2, 46),(31, 2, 45),(32, 2, 39),
(33, 2, 68),(34, 2, 72),(35, 2, 38),(36, 2, 81),(37, 2, 71),(38, 2, 8),(39, 2, 80),(40, 2, 36),
(41, 2, 24),(42, 2, 28),(43, 2, 16),(44, 2, 39),(45, 2, 25),(46, 2, 93),(47, 2, 5),(48, 2, 48),
(49, 2, 19),(50, 2, 71),(51, 2, 37),(52, 2, 11),(53, 2, 70),(54, 2, 21),(55, 2, 86),(56, 2, 42),
(57, 2, 41),(58, 2, 94),(59, 2, 35),(60, 2, 27),(61, 2, 21),(62, 2, 97),(63, 2, 97),(64, 2, 37),
(65, 2, 24),(66, 2, 52),(67, 2, 96),(68, 2, 15),(69, 2, 60),(70, 2, 96),(71, 2, 59),(72, 2, 71),
(73, 2, 29),(74, 2, 45),(75, 2, 61),(76, 2, 94),(77, 2, 80),(78, 2, 19),(79, 2, 37),(80, 2, 75),
(81, 2, 83),(82, 2, 67),(83, 2, 96),(84, 2, 86),(85, 2, 59),(86, 2, 59),(87, 2, 69),(88, 2, 78),
(89, 2, 77),(90, 2, 52),(91, 2, 27),(92, 2, 83),(93, 2, 43),(94, 2, 19),(95, 2, 58),(96, 2, 21),
(97, 2, 90),(98, 2, 82),(99, 2, 40),(100, 2, 62),(101, 1, 85),(102, 1, 71),(103, 1, 59),(104, 1, 5),
(105, 1, 95),(106, 1, 7),(107, 1, 1),(108, 1, 41),(109, 1, 81),(110, 1, 85),(111, 1, 52),(112, 1, 44),
(113, 1, 98),(114, 1, 17),(115, 1, 100),(116, 1, 83),(117, 1, 59),(118, 1, 23),(119, 1, 17),
(120, 1, 63),(121, 1, 41),(122, 1, 25),(123, 1, 95),(124, 1, 47),(125, 1, 72),(126, 1, 62),
(127, 1, 78),(128, 1, 84),(129, 1, 36),(130, 1, 14),(131, 1, 56),(132, 1, 80),(133, 1, 39),
(134, 1, 27),(135, 1, 67),(136, 1, 65),(137, 1, 82),(138, 1, 79),(139, 1, 95),(140, 1, 61),
(141, 1, 91),(142, 1, 17),(143, 1, 38),(144, 1, 32),(145, 1, 10),(146, 1, 1),(147, 1, 51),(148, 1, 83),
(149, 1, 70),(150, 1, 49),(151, 1, 6),(152, 1, 54),(153, 1, 87),(154, 1, 56),(155, 1, 8),(156, 1, 100),
(157, 1, 29),(158, 1, 24),(159, 1, 50),(160, 1, 26),(161, 1, 74),(162, 1, 99),(163, 1, 33),(164, 1, 59),
(165, 1, 74),(166, 1, 59),(167, 1, 31),(168, 1, 75),(169, 1, 37),(170, 1, 41),(171, 1, 36),(172, 1, 6),
(173, 1, 34),(174, 1, 85),(175, 1, 65),(176, 1, 89),(177, 1, 96),(178, 1, 85),(179, 1, 33),(180, 1, 70),
(181, 1, 47),(182, 1, 99),(183, 1, 27),(184, 1, 68),(185, 1, 60),(186, 1, 24),(187, 1, 32),(188, 1, 34),
(189, 1, 84),(190, 1, 68),(191, 1, 97),(192, 1, 84),(193, 1, 61),(194, 1, 1),(195, 1, 28),(196, 1, 63),
(197, 1, 95),(198, 1, 98),(199, 1, 52),(200, 1, 83),(201, 0, 97),(202, 0, 29),(203, 0, 18),(204, 0, 36),
(205, 0, 79),(206, 0, 64),(207, 0, 84),(208, 0, 84),(209, 0, 86),(210, 0, 62),(211, 0, 23),(212, 0, 74),
(213, 0, 91),(214, 0, 88),(215, 0, 67),(216, 0, 23),(217, 0, 89),(218, 0, 77),(219, 0, 39),(220, 0, 63),
(221, 0, 58),(222, 0, 82),(223, 0, 67),(224, 0, 86),(225, 0, 82),(226, 0, 16),(227, 0, 74),(228, 0, 72),(229, 0, 50),
(230, 0, 56),(231, 0, 77),(232, 0, 8),(233, 0, 83),(234, 0, 67),(235, 0, 42),(236, 0, 62),(237, 0, 42),
(238, 0, 61),(239, 0, 9),(240, 0, 37),(241, 0, 23),(242, 0, 83),(243, 0, 25),(244, 0, 11),(245, 0, 41),(246, 0, 25),(247, 0, 6),
(248, 0, 72),(249, 0, 76),(250, 0, 82),(251, 0, 84),(252, 0, 94),(253, 0, 5),(254, 0, 8),(255, 0, 17),(256, 0, 83),(257, 0, 42),(258, 0, 32),
(259, 0, 68),(260, 0, 20),(261, 0, 16),(262, 0, 52),(263, 0, 87),(264, 0, 77),(265, 0, 76),(266, 0, 22),(267, 0, 48),
(268, 0, 87),(269, 0, 62),(270, 0, 61),(271, 0, 12),(272, 0, 61),(273, 0, 68),(274, 0, 8),(275, 0, 46),(276, 0, 16),
(277, 0, 63),(278, 0, 57),(279, 0, 96),(280, 0, 55),(281, 0, 87),(282, 0, 58),(283, 0, 7),(284, 0, 4),(285, 0, 97),(286, 0, 82),
(287, 0, 6),(288, 0, 92),(289, 0, 60),(290, 0, 59),(291, 0, 54),(292, 0, 36),(293, 0, 100),(294, 0, 71),(295, 0, 90),(296, 0, 73),
(297, 0, 23),(298, 0, 27),(299, 0, 100),(300, 0, 43);

insert into media_like (like_id, media_id) values
(1, 2),(3, 3),(4, 4),(5, 5),(6, 6),(7, 7),(8, 8),(9, 9),(10, 10),(11, 11);

insert into message_like (like_id, message_id) values
(201, 47),(202, 67),(203, 64),(204, 45),(205, 20),(206, 13),(207, 51),(208, 68),(209, 40),
(210, 55),(211, 68),(212, 46),(213, 30),(214, 99),(215, 100),(216, 57),(217, 59),(218, 50),
(219, 17),(220, 75),(221, 29),(222, 32),(223, 55),(224, 20),(225, 18),(226, 88),(227, 18),(228, 31),
(229, 80),(230, 55),(231, 42),(232, 27),(233, 18),(234, 83),(235, 48),(236, 86),(237, 48),(238, 61),
(239, 33),(240, 77),(241, 97),(242, 85),(243, 23),(244, 99),(245, 38),(246, 1),(247, 79),(248, 39),
(249, 53),(250, 9),(251, 87),(252, 38),(253, 51),(254, 31),(255, 85),(256, 25),(257, 86),(258, 61),(259, 28),(260, 75),(261, 6),
(262, 8),(263, 83),(264, 76),(265, 36),(266, 44),(267, 99),(268, 28),(269, 38),(270, 46),(271, 96),
(272, 97),(273, 38),(274, 60),(275, 70),(276, 41),(277, 78),(278, 36),(279, 12),(280, 87),(281, 70),
(282, 75),(283, 85),(284, 25),(285, 29),(286, 64),(287, 12),(288, 7),(289, 22),(290, 8),(291, 43),(292, 40),
(293, 83),(294, 59),(295, 42),(296, 66),(297, 1),(298, 61),(299, 99),(300, 24);

insert into post_like (like_id, post_id) values
(1, 86),(2, 77),(3, 23),(4, 90),(5, 82),(6, 55),(7, 56),(8, 61),(9, 79),(10, 91),(11, 4),
(12, 52),(13, 88),(14, 84),(15, 61),(16, 53),(17, 63),(18, 16),(19, 65),(20, 92),(21, 17),
(22, 38),(23, 83),(24, 20),(25, 15),(26, 97),(27, 87),(28, 74),(29, 9),(30, 60),(31, 81),
(32, 47),(33, 64),(34, 81),(35, 69),(36, 33),(37, 59),(38, 86),(39, 57),(40, 99),
(41, 87),(42, 96),(43, 35),(44, 44),(45, 98),(46, 43),(47, 11),(48, 77),(49, 11),(50, 65),
(51, 22),(52, 45),(53, 27),(54, 95),(55, 7),(56, 19),(57, 42),(58, 13),(59, 32),(60, 93),
(61, 27),(62, 37),(63, 34),(64, 57),(65, 46),(66, 88),(67, 14),(68, 98),(69, 70),(70, 18),
(71, 62),(72, 88),(73, 21),(74, 33),(75, 80),(76, 77),(77, 83),(78, 18),(79, 92),(80, 81),(81, 75),
(82, 50),(83, 33),(84, 73),(85, 37),(86, 96),(87, 96),(88, 56),(89, 83),(90, 75),(91, 98),(92, 19),
(93, 65),(94, 13),(95, 24),(96, 8),(97, 27),(98, 20),(99, 80),(100, 42);

insert into comment_like (like_id, comment_id) values
(101, 97),(102, 54),(103, 78),(104, 90),(105, 68),(106, 43),(107, 9),(108, 24),
(109, 62),(110, 70),(111, 19),(112, 27),(113, 75),(114, 67),(115, 100),(116, 19),
(117, 76),(118, 39),(119, 51),(120, 16),(121, 85),(122, 38),(123, 88),(124, 82),
(125, 14),(126, 38),(127, 82),(128, 3),(129, 96),(130, 75),(131, 16),(132, 49),
(133, 74),(134, 97),(135, 73),(136, 94),(137, 6),(138, 35),(139, 24),(140, 7),(141, 48),
(142, 96),(143, 68),(144, 34),(145, 81),(146, 20),(147, 34),(148, 33),(149, 10),(150, 82),
(151, 54),(152, 27),(153, 62),(154, 10),(155, 79),(156, 94),(157, 44),(158, 45),(159, 75),
(160, 15),(161, 45),(162, 90),(163, 30),(164, 32),(165, 94),(166, 1),(167, 76),(168, 96),
(169, 2),(170, 18),(171, 68),(172, 13),(173, 63),(174, 52),(175, 15),(176, 8),(177, 75),(178, 71),
(179, 38),(180, 70),(181, 18),(182, 43),(183, 89),(184, 46),(185, 4),(186, 39),(187, 69),
(188, 99),(189, 59),(190, 96),(191, 33),(192, 48),(193, 43),(194, 2),(195, 64),(196, 51),(197, 84),
(198, 46),(199, 40),(200, 7);